Rk,Player,Age,Team,Pos,G,GS,MP,FG,FGA,FG%,3P,3PA,3P%,2P,2PA,2P%,eFG%,FT,FTA,FT%,ORB,DRB,TRB,AST,STL,BLK,TOV,PF,PTS,Awards,Player-additional
1,Michael Finley,26,DAL,SF,82,82,3464,7.8,17,0.457,1,2.6,0.401,6.7,14.4,0.467,0.487,2.7,3.3,0.82,1.3,4.1,5.4,4.6,1.1,0.3,2,1.8,19.3,MVP-13AS,finlemi01
2,Gary Payton,31,SEA,PG,82,82,3425,7.9,17.5,0.448,1.9,5.5,0.34,6,12,0.497,0.502,3.3,4.4,0.735,1.1,4.5,5.6,7.7,1.6,0.2,2.4,1.9,20.8,MVP-6DPOY-5ASNBA1,paytoga01
3,Latrell Sprewell,29,NYK,SF,82,82,3276,6.2,14.3,0.435,0.5,1.4,0.346,5.8,12.9,0.445,0.452,3.8,4.4,0.866,0.5,3.3,3.8,3.6,1.2,0.2,2.5,2,16.7,,sprewla01
4,Kevin Garnett,23,MIN,PF,81,81,3243,8.4,16.9,0.497,0.3,0.9,0.37,8.1,16,0.504,0.507,3.4,4.5,0.765,2.5,8.1,10.6,4.5,1.3,1.4,3,2.3,20.6,MVP-2DPOY-7ASNBA1,garneke01
5,Shareef Abdur-Rahim,23,VAN,SF,82,82,3223,6.6,14.3,0.465,0.3,1.1,0.302,6.3,13.2,0.478,0.477,5,6.2,0.809,2.4,6.8,9.2,3,1,1,2.8,2.7,18.6,,abdursh01
6,Allan Houston,28,NYK,SG,82,82,3169,7,14.4,0.483,1.2,2.8,0.436,5.8,11.7,0.494,0.525,3.2,3.8,0.838,0.4,2.6,3.1,2.5,0.7,0.2,2.1,2.5,18.3,AS,houstal01
7,Shaquille O'Neal,27,LAL,C,79,79,3163,10.9,19,0.574,0,0,0,10.9,18.9,0.575,0.574,4.9,9.4,0.524,3.8,8.4,12.3,3.4,0.4,2.7,2.5,2.9,26.7,MVP-1DPOY-2ASNBA1,onealsh01
8,Mike Bibby,21,VAN,PG,82,82,3155,5.2,11.8,0.445,0.9,2.4,0.363,4.4,9.3,0.466,0.483,2.2,2.9,0.78,0.8,2.7,3.5,7.6,1.5,0.2,2.8,2,13.6,,bibbymi01
9,Jerry Stackhouse,25,DET,SG,82,82,3148,7.1,16.5,0.428,0.9,3.3,0.288,6.1,13.3,0.462,0.456,7.1,8.7,0.815,1.3,2.3,3.6,4.2,1.2,0.4,3.6,2.1,22.2,AS,stackje01
10,Anthony Mason,33,CHH,SF,82,81,3133,3.6,7.6,0.48,0,0,0,3.6,7.6,0.48,0.48,3.6,4.8,0.746,1.7,6.4,8,4.2,0.9,0.3,1.8,2.5,10.9,DPOY-8,masonan01
11,Vince Carter,23,TOR,SF,82,82,3126,9.1,19.5,0.465,1.1,2.7,0.403,8,16.8,0.475,0.493,5,6.3,0.791,1.7,3.8,5.5,3.7,1.3,1.1,2,3,24.3,MVP-10ASNBA3,cartevi01
12,Michael Dickerson,24,VAN,SG,82,82,3103,6.4,14.7,0.436,1.4,3.4,0.409,5,11.4,0.444,0.483,3.1,3.8,0.83,0.9,2.3,3.2,2.4,1.3,0.5,1.9,2.6,17.4,,dickemi01
13,Ray Allen,24,MIL,SG,82,82,3070,7.5,16.5,0.455,2,4.8,0.423,5.5,11.8,0.468,0.516,4.1,4.7,0.887,1,3.2,4.2,3.6,1.3,0.2,2.1,2.2,21.2,AS,allenra02
14,Antoine Walker,23,BOS,PF,82,82,3003,7.8,18.1,0.43,0.9,3.4,0.256,6.9,14.6,0.471,0.455,3.7,5.3,0.699,2.4,5.4,7.8,3.7,1.4,0.4,3.1,3.2,20.1,,walkean02
15,Elton Brand,20,CHI,PF,81,80,2999,7.6,15.7,0.482,0,0,0,7.6,15.7,0.483,0.482,4.4,6.4,0.685,4.2,5.5,9.7,1.9,0.8,1.6,2.7,3.1,19.5,ROY-1,brandel01
16,Reggie Miller,34,IND,SG,81,81,2987,5.6,12.5,0.448,2,4.9,0.408,3.6,7.7,0.473,0.527,4.5,4.9,0.919,0.6,2.3,2.9,2.3,1,0.3,1.6,1.5,17.7,MVP-13AS,millere01
17,Dikembe Mutombo,33,ATL,C,82,82,2984,3.9,6.9,0.562,0,0,,3.9,6.9,0.562,0.562,3.6,5.1,0.708,3.7,10.3,14,1.3,0.3,3.2,2.1,3,11.4,DPOY-3AS,mutomdi01
18,Jalen Rose,27,IND,SF,80,80,2978,6.8,14.5,0.471,0.9,2.4,0.393,5.9,12.1,0.486,0.503,3.1,3.7,0.827,0.5,4.2,4.7,3.9,1,0.6,2.3,2.8,17.6,MVP-13MIP-1,roseja01
19,Nick Van Exel,28,DEN,PG,79,79,2950,5.8,14.8,0.39,1.6,4.9,0.332,4.1,9.9,0.419,0.445,2.4,2.9,0.817,0.4,3.4,3.8,8.7,0.8,0.1,2.7,1.8,15.6,,vanexni01
20,Karl Malone,36,UTA,PF,82,82,2947,9.2,18,0.509,0,0.1,0.25,9.2,17.9,0.511,0.51,7.2,9,0.797,2.1,7.5,9.5,3.7,1,0.9,2.8,2.8,25.6,MVP-4ASNBA2,malonka01
21,Dirk Nowitzki,21,DAL,PF,82,81,2938,6.3,13.7,0.461,1.4,3.7,0.379,4.9,9.9,0.491,0.513,3.5,4.3,0.83,1.2,5.3,6.5,2.5,0.8,0.8,1.7,3.1,17.6,,nowitdi01
22,Lindsey Hunter,29,DET,PG,82,82,2919,4.7,11,0.425,2.1,4.8,0.432,2.6,6.2,0.419,0.519,1.4,1.9,0.76,0.4,2.7,3.1,4,1.6,0.3,1.8,2.7,12.9,,hunteli01
23,Juwan Howard,26,WAS,PF,82,82,2909,6.3,13.7,0.459,0,0.1,0,6.3,13.6,0.462,0.459,2.5,3.4,0.735,1.6,4.2,5.8,3.1,0.8,0.3,2.8,3.7,15.1,,howarju01
24,Glenn Robinson,27,MIL,SF,81,81,2909,8.5,18.1,0.472,1.1,2.9,0.363,7.5,15.1,0.493,0.502,2.8,3.5,0.802,1.3,4.7,6,2.4,1,0.5,2.8,2.6,21,AS,robingl01
25,Bryon Russell,29,UTA,SF,82,70,2900,5.1,11.3,0.446,1.3,3.3,0.396,3.7,8,0.467,0.504,2.9,3.9,0.75,1.2,4.1,5.3,2,1.6,0.3,1.3,3.2,14.4,,russebr01
26,Sam Cassell,30,MIL,PG,81,81,2899,6.8,14.5,0.466,0.3,1.1,0.289,6.4,13.4,0.481,0.477,4.8,5.5,0.876,0.9,2.9,3.7,9.1,1.3,0.1,3.3,3.2,18.7,,cassesa01
27,Stephon Marbury,22,NJN,PG,74,74,2881,7.1,16.5,0.432,0.8,2.9,0.283,6.3,13.5,0.464,0.457,5.4,6.7,0.813,0.8,2.2,3,7.8,1.4,0.2,3.4,2.4,20.5,NBA3,marbust01
28,Chris Webber,26,SAC,PF,75,75,2880,9.3,19.4,0.483,0.3,1.2,0.284,9,18.2,0.496,0.492,3.9,5.2,0.751,2.4,7.5,9.8,4.3,1.5,1.6,2.7,3.3,22.9,MVP-9ASNBA3,webbech01
29,Tim Duncan,23,SAS,PF,74,74,2875,7.9,16,0.49,0,0.1,0.091,7.9,15.9,0.494,0.491,5.7,7.6,0.761,3.3,8.2,11.5,2.9,0.8,2.1,3,2.6,21.5,MVP-5ASNBA1,duncati01
30,Eric Snow,26,PHI,PG,82,80,2866,3.2,7.5,0.43,0.1,0.6,0.244,3.1,6.9,0.446,0.44,1.6,2.2,0.712,0.5,2.8,3.3,7.8,1.8,0.1,2,3.1,8.2,,snower01
31,Allen Iverson,24,PHI,SG,70,70,2853,9.2,21.9,0.421,1.1,3.3,0.341,8.1,18.6,0.435,0.446,5.6,7.8,0.713,0.9,2.5,3.4,4.1,1.8,0.1,2.9,2,25.1,MVP-7ASNBA2,iversal01
32,Vin Baker,28,SEA,C,79,75,2849,6.5,14.3,0.455,0,0.1,0.25,6.5,14.2,0.457,0.456,3.6,5.2,0.682,2.9,4.8,7.6,1.9,0.6,0.8,2.7,3.6,16.6,,bakervi01
33,Rasheed Wallace,25,POR,PF,81,77,2845,6.9,13.2,0.519,0.1,0.6,0.16,6.8,12.6,0.537,0.522,2.9,4.2,0.704,1.6,5.5,7.2,1.8,1.1,1.4,2,2.7,16.8,AS,wallara01
34,Clifford Robinson,33,PHO,SF,80,67,2839,6.7,14.5,0.464,1.5,4.1,0.37,5.2,10.4,0.501,0.517,3.8,4.8,0.782,1.3,3.2,4.6,2.8,1.1,0.8,2.1,3,18.7,DPOY-8,robincl02
35,Jamal Mashburn,27,MIA,SF,76,76,2828,6.6,14.7,0.445,1.4,3.5,0.403,5.1,11.2,0.458,0.493,2.4,3,0.778,0.8,4,4.9,3.8,1,0.2,2.3,2.7,16.9,,mashbja01
36,Eddie Jones,28,CHH,SG,72,72,2807,6.1,14.4,0.427,1.6,4.4,0.375,4.5,10,0.45,0.484,4.6,5.4,0.864,1,3.4,4.4,3.9,2.5,0.6,2.1,2.3,18.5,DPOY-3ASNBA3,jonesed02
37,Keith Van Horn,24,NJN,PF,80,80,2782,7.2,16.3,0.445,1.1,3,0.368,6.1,13.3,0.462,0.478,4.3,5.1,0.847,2.6,6.2,8.7,2,0.8,0.8,3.2,3.3,19.9,,vanhoke01
38,Steve Francis,22,HOU,PG,77,77,2776,6.4,14.5,0.445,1.4,4,0.345,5.1,10.5,0.483,0.493,3.7,4.7,0.786,2,3.3,5.3,6.6,1.5,0.4,4,3,18,ROY-1,francst01
39,Grant Hill,27,DET,SF,74,74,2776,9,18.4,0.489,0.4,1.3,0.347,8.6,17.2,0.5,0.501,6.2,7.8,0.795,1.3,5.1,6.4,5,1.3,0.6,3.1,2.5,24.7,MVP-8ASNBA2,hillgr01
40,Alan Henderson,27,ATL,PF,82,82,2775,5.6,12.1,0.461,0,0.1,0.1,5.6,11.9,0.465,0.462,2.9,4.3,0.671,3.4,4,7.4,1,1.1,0.7,1.8,3,14,,hendeal01
41,Jim Jackson,29,ATL,SF,79,76,2767,6.6,16.1,0.411,1.5,3.9,0.386,5.1,12.1,0.418,0.458,2.4,2.8,0.877,1.3,3.8,5.1,3,0.7,0.1,2.4,2.2,17.1,,jacksji01
42,Lamar Odom,20,LAC,SF,76,70,2767,5.8,13.3,0.438,0.8,2.1,0.36,5.1,11.2,0.453,0.467,3.9,5.5,0.719,2.1,5.7,7.7,4.1,1.2,1.2,3.4,3.8,16.4,ROY-3,odomla01
43,David Wesley,29,CHH,PG,82,82,2760,5.3,12.5,0.426,1.1,3.2,0.355,4.2,9.2,0.451,0.472,2.8,3.6,0.778,0.5,2.4,2.9,6,1.4,0.1,2.1,2.4,14.6,,wesleda01
44,Jason Williams,24,SAC,PG,81,81,2760,4.7,12.7,0.373,1.9,6.6,0.287,2.8,6.1,0.466,0.448,1.7,2.2,0.753,0.3,2.7,3,7.7,1.5,0.1,3.9,1.8,13,,willija02
45,Scottie Pippen,34,POR,SF,82,82,2749,5.1,11.3,0.451,1.1,3.4,0.327,4,7.8,0.506,0.501,2.1,2.9,0.717,1.5,5.2,6.7,5.3,1.5,0.5,2.7,2.7,13.4,DPOY-8,pippesc01
46,Alonzo Mourning,29,MIA,C,79,78,2748,8.5,15.5,0.551,0,0.1,0,8.5,15.5,0.553,0.551,5.4,7.6,0.711,2.8,7,9.9,1.6,0.5,3.9,2.8,4,22.5,MVP-3DPOY-1ASNBA2,mournal01
47,Brent Barry,28,SEA,SG,80,74,2726,4.3,9.3,0.463,2.2,5.3,0.411,2.2,4.1,0.529,0.579,1.7,2.1,0.809,0.7,4.3,4.9,3.8,1.4,0.4,1.9,3,12.5,,barrybr01
48,Shandon Anderson,26,HOU,SF,82,82,2700,4.9,10.4,0.473,1.1,3,0.351,3.9,7.4,0.523,0.524,2.6,3.4,0.767,1.2,3.9,5.1,3.2,1.3,0.4,2.6,2.4,13.5,,andersh01
49,Antonio McDyess,25,DEN,PF,81,81,2698,8.2,16.2,0.507,0,0,0,8.2,16.1,0.508,0.507,4.3,6.9,0.626,3.1,6,9.1,2.1,0.9,1.9,3.1,4.2,20.7,,mcdyean01
50,Steve Smith,30,POR,SG,82,81,2689,5.6,12,0.467,1.3,3.2,0.398,4.3,8.8,0.492,0.52,3.9,4.6,0.85,1.6,2.5,4.2,2.8,1,0.4,1.6,2.9,16.4,,smithst01
51,Horace Grant,34,SEA,PF,76,76,2688,3.6,8,0.444,0,0.1,0,3.6,8,0.447,0.444,1.1,1.5,0.721,2.2,5.7,7.9,2.5,0.7,0.8,0.8,2.6,8.2,,grantho01
52,Othella Harrington,26,VAN,PF,82,82,2677,5.6,11.2,0.506,0,0,0,5.6,11.1,0.507,0.506,3.2,4,0.792,2.6,4.9,7.6,1.3,0.5,0.8,2.9,3.9,14.5,,harriot01
53,Jason Kidd,26,PHO,PG,67,67,2616,4.8,11.8,0.409,0.8,2.3,0.337,4,9.5,0.427,0.442,2.8,3.4,0.829,1.3,5.3,6.6,9.3,1.8,0.4,3.1,2,13.2,MVP-11DPOY-8ASNBA1,kiddja01
54,Kenny Anderson,29,BOS,PG,82,82,2593,6,13.7,0.44,1.2,3.1,0.386,4.8,10.6,0.456,0.483,2.7,3.5,0.775,0.8,2.4,3.1,5.8,1.9,0.1,1.8,3.2,16,,anderke01
55,Darrell Armstrong,31,ORL,PG,82,82,2590,6.7,15.6,0.433,1.9,5.6,0.34,4.8,10,0.485,0.494,3.1,3.4,0.911,0.9,2.8,3.8,7,2.3,0.1,3.4,1.9,18.5,MVP-13,armstda01
56,Terrell Brandon,29,MIN,PG,71,71,2587,6.8,14.5,0.466,0.7,1.8,0.402,6,12.7,0.476,0.492,2.6,2.9,0.899,0.6,2.7,3.3,8.8,1.9,0.4,2.6,2.2,16.9,,brandte01
57,Paul Pierce,22,BOS,SF,73,72,2583,6.8,15.3,0.442,1.3,3.9,0.343,5.4,11.4,0.476,0.486,5,6.3,0.798,1.2,4.4,5.5,3.1,2.1,0.9,2.5,3.3,19.9,,piercpa01
58,Avery Johnson,34,SAS,PG,82,82,2571,5.6,11.9,0.473,0,0.1,0.111,5.6,11.8,0.477,0.474,1.6,2.2,0.735,0.5,1.8,2.2,6.9,1.1,0.3,2,2.1,12.9,,johnsav01
59,David Robinson,34,SAS,C,80,80,2557,7.4,14.5,0.512,0,0,0,7.4,14.5,0.513,0.512,5.2,7.2,0.726,2.7,8.1,10.8,2,1.4,2.6,2.3,3.5,20.1,ASNBA3,robinda01
60,Elden Campbell,31,CHH,C,78,77,2538,5.2,11.8,0.446,0,0.1,0,5.2,11.7,0.45,0.446,3.5,5.1,0.69,2.4,6,8.4,1.8,0.8,2.1,1.8,3.8,14,,campbel01
61,Glen Rice,32,LAL,SF,80,80,2530,6,13.9,0.43,1.2,3.3,0.367,4.8,10.7,0.449,0.472,4.9,5.6,0.874,0.8,3.9,4.7,2.5,0.7,0.2,1.6,2.5,18.1,,ricegl01
62,Kobe Bryant,21,LAL,SG,66,62,2524,7.9,16.9,0.468,0.7,2.1,0.319,7.2,14.8,0.489,0.488,4.7,5.7,0.821,1.5,4.4,5.9,4.6,1.5,0.9,2.6,3.1,21.2,MVP-12DPOY-5ASNBA2,bryanko01
63,Cuttino Mobley,24,HOU,SG,81,8,2496,6.3,14.7,0.43,1.5,4.2,0.356,4.8,10.4,0.46,0.481,4.3,5.1,0.847,0.9,3.3,4.2,3,1.3,0.5,2.7,2.5,18.4,6MOY-2,moblecu01
64,Michael Olowokandi,24,LAC,C,80,77,2493,4.8,10.9,0.437,0,0,,4.8,10.9,0.437,0.437,1.8,2.7,0.651,2.8,6.7,9.5,0.5,0.5,2,2.6,4.4,11.3,,olowomi01
65,Shawn Kemp,30,CLE,C,82,82,2492,7,16.8,0.417,0,0.1,0.333,7,16.7,0.418,0.418,7.1,9.2,0.776,3.3,7.1,10.5,2,1.4,1.4,4.2,5.4,21.1,,kempsh01
66,Antonio Davis,31,TOR,C,79,78,2479,4.5,10.3,0.44,0,0,,4.5,10.3,0.44,0.44,4.1,5.4,0.765,3.4,6.7,10.1,1.5,0.6,1.5,1.8,3.9,13.2,,davisan01
67,Tracy McGrady,20,TOR,SF,79,34,2462,6.7,14.9,0.451,0.3,1,0.277,6.4,13.9,0.463,0.46,4.1,5.7,0.707,2.7,4.6,7.3,3.8,1.3,2.2,2.3,2.9,17.7,6MOY-3,mcgratr01
68,Mookie Blaylock,32,GSW,PG,73,72,2459,4.8,12.3,0.391,1.5,4.4,0.336,3.3,7.8,0.422,0.451,1,1.4,0.705,0.8,3.1,4,7.2,2.1,0.3,2.1,1.8,12,,blaylmo01
69,Christian Laettner,30,DET,C,82,82,2443,5.6,11.8,0.473,0.1,0.4,0.292,5.5,11.4,0.479,0.478,3.5,4.3,0.812,2.6,5.6,8.1,2.7,1.2,0.7,2.7,4.8,14.8,,laettch01
70,Raef LaFrentz,23,DEN,C,81,80,2435,5.8,13,0.446,0.9,2.7,0.328,4.9,10.3,0.477,0.48,2.4,3.5,0.686,2.5,7,9.5,1.4,0.6,2.7,1.4,4.3,14.9,,lafrera01
71,John Stockton,37,UTA,PG,82,82,2432,5.4,10.7,0.501,0.6,1.8,0.355,4.7,8.9,0.53,0.53,3.3,3.8,0.86,0.7,2.5,3.2,10.4,2.1,0.2,2.6,2.8,14.7,AS,stockjo01
72,Charles Oakley,36,TOR,PF,80,80,2431,3.5,8.3,0.418,0.2,0.6,0.341,3.3,7.7,0.424,0.43,1,1.3,0.776,1.7,6.3,8,3.7,1.5,0.7,2.3,4.4,8.1,,oaklech01
73,George Lynch,29,PHI,SF,75,75,2416,4.4,9.6,0.461,0.2,0.5,0.417,4.2,9.1,0.464,0.473,1.7,2.7,0.617,3.2,5.5,8.7,2,1.8,0.6,1.8,3.4,10.8,,lynchge01
74,Mitch Richmond,34,WAS,SG,74,69,2397,6.7,15.8,0.426,1.4,3.6,0.386,5.3,12.1,0.438,0.47,4.5,5.1,0.876,0.6,2.6,3.2,2.8,1.7,0.2,2.3,2.9,19.3,,richmmi01
75,Malik Sealy,29,MIN,SF,82,61,2392,5.6,11.7,0.476,0.2,0.5,0.286,5.4,11.2,0.485,0.482,2.7,3.3,0.812,1.8,3.5,5.3,3,1.1,0.3,1.7,3,14,,sealyma01
76,Ron Mercer,23,2TM,SG,68,68,2377,7,16.4,0.426,0.2,0.7,0.313,6.7,15.6,0.431,0.433,3.2,4.1,0.789,1,2.8,3.8,2.4,1.1,0.3,2.3,2.3,17.4,,mercero01
77,Ron Mercer,23,DEN,SG,37,37,1408,7,15.6,0.444,0.4,1,0.385,6.6,14.7,0.449,0.457,3,3.9,0.788,0.7,3.1,3.9,2.7,0.8,0.4,2.2,1.9,17.3,,mercero01
78,Ron Mercer,23,ORL,SG,31,31,969,7,17.4,0.402,0,0.3,0,7,17.1,0.41,0.402,3.5,4.4,0.79,1.3,2.3,3.6,2,1.6,0.3,2.4,2.8,17.5,,mercero01
79,Vlade Divac,31,SAC,C,82,81,2374,5.8,11.6,0.503,0.1,0.4,0.269,5.7,11.2,0.511,0.507,3.5,5,0.691,2.6,7.3,9.9,3.7,1.6,1.6,2.9,3.8,15.2,,divacvl01
80,Damon Stoudamire,26,POR,PG,78,78,2372,5.9,13.6,0.432,1.2,3.2,0.377,4.6,10.4,0.449,0.477,1.9,2.2,0.841,0.9,2.8,3.7,6.1,1.2,0,2.3,2.6,14.8,,stoudda01
81,Lamond Murray,26,CLE,SF,74,72,2365,7,15.5,0.451,0.8,2.1,0.367,6.2,13.4,0.465,0.476,3.1,4.1,0.761,1.9,4.5,6.4,2,1.6,0.5,2.8,3.2,17.9,,murrala01
82,Kendall Gill,31,NJN,SF,76,75,2355,6.1,14.6,0.414,0.3,1.2,0.256,5.7,13.4,0.428,0.425,2.8,3.9,0.71,1.3,3.1,4.3,3.2,2.1,0.6,1.4,3.2,15.2,DPOY-8,gillke01
83,Derrick Coleman,32,CHH,PF,74,64,2347,6.8,15,0.456,0.8,2.2,0.362,6.1,12.9,0.471,0.482,4.5,5.8,0.785,1.9,7.8,9.7,2.7,0.5,2,2.7,3,19,,colemde01
84,Bo Outlaw,28,ORL,PF,82,55,2326,3.2,5.2,0.602,0,0,0,3.2,5.2,0.607,0.602,1.3,2.5,0.506,3.1,5,8.1,3.8,1.7,2.3,2.1,3.1,7.6,DPOY-8,outlabo01
85,Larry Hughes,21,2TM,SG,82,37,2324,7.1,17.8,0.4,0.4,1.9,0.232,6.7,15.8,0.421,0.413,4.3,5.8,0.74,1.8,3.7,5.4,3.2,1.8,0.4,3,3,19,,hughela01
86,Larry Hughes,21,PHI,SG,50,5,1018,6.8,16.3,0.416,0.4,1.8,0.216,6.4,14.5,0.441,0.428,3.7,5,0.746,1.8,3.8,5.6,2.7,1.9,0.4,3.4,3.3,17.7,,hughela01
87,Larry Hughes,21,GSW,SG,32,32,1306,7.4,18.9,0.389,0.5,2,0.243,6.9,16.9,0.407,0.402,4.8,6.5,0.736,1.7,3.6,5.2,3.6,1.7,0.4,2.8,2.7,20,,hughela01
88,Tyrone Nesby,24,LAC,SG,73,39,2317,5.7,14.2,0.398,1.5,4.4,0.335,4.2,9.9,0.426,0.449,2.3,3,0.791,1.3,3,4.3,1.9,1.2,0.5,1.6,3.2,15.1,,nesbyty01
89,Dan Majerle,34,MIA,SG,69,69,2308,2.7,6.6,0.403,1.7,4.7,0.362,0.9,1.8,0.508,0.533,0.9,1.1,0.812,0.4,4.8,5.2,3.2,1.4,0.3,1,2.4,7.9,,majerda01
90,P.J. Brown,30,MIA,PF,80,80,2302,5,10.5,0.48,0,0,0,5,10.5,0.481,0.48,1.9,2.5,0.755,3.4,6,9.4,2.3,1,1,1.6,4.1,11.9,,brownpj01
91,Rodney Rogers,28,PHO,PF,82,7,2286,6.7,13.9,0.486,1.8,4.1,0.439,4.9,9.7,0.506,0.551,2.5,3.9,0.639,2.2,4.9,7,2.7,1.5,0.7,2.6,4.6,17.8,6MOY-1,rogerro01
92,Larry Johnson,30,NYK,PF,70,68,2281,4.5,10.3,0.433,0.9,2.7,0.333,3.5,7.5,0.469,0.477,2,2.6,0.766,1.4,4.6,6,2.8,0.7,0.1,1.5,3.2,11.8,,johnsla02
93,Doug Christie,29,TOR,SG,73,73,2264,4.9,12.1,0.407,1.6,4.4,0.36,3.4,7.8,0.434,0.472,2.9,3.4,0.843,1,3.5,4.5,5.1,1.6,0.7,2.3,2.7,14.4,,chrisdo01
94,Anfernee Hardaway,28,PHO,SG,60,60,2253,6,12.8,0.474,0.5,1.6,0.324,5.5,11.1,0.496,0.494,3.6,4.6,0.79,1.5,4.1,5.5,5,1.5,0.6,2.4,2.6,16.2,,hardaan01
95,Jamie Feick,25,NJN,C,81,17,2241,2.9,6.8,0.428,0,0,1,2.9,6.7,0.424,0.431,1.5,2.1,0.707,4.2,7.9,12.1,1.1,0.7,0.6,0.9,3.3,7.4,,feickja01
96,Metta World Peace,20,CHI,SF,72,63,2238,5,12.2,0.407,1,3.1,0.314,4,9.1,0.438,0.447,3,4.5,0.674,1,4,5,3.2,1.9,0.6,2.7,2.6,13.9,,artesro01
97,Maurice Taylor,23,LAC,PF,62,60,2227,7.4,16,0.464,0,0.1,0.125,7.4,15.8,0.466,0.464,2.3,3.2,0.711,1.6,4.9,6.5,1.6,0.8,0.8,2.7,3.5,17.1,,tayloma01
98,Mario Elie,36,SAS,SF,79,79,2217,3.2,7.4,0.427,1.2,3,0.398,2,4.4,0.446,0.508,2,2.4,0.846,0.8,3.3,4,3.1,1.2,0.1,2.1,2.5,9.6,,eliema01
99,Bob Sura,26,CLE,SG,73,45,2216,5.8,13.2,0.437,2,5.4,0.367,3.8,7.8,0.484,0.512,2.8,4.1,0.697,0.8,3.9,4.7,4.6,1.5,0.3,2.4,3.3,16.4,,surabo01
100,Derek Anderson,25,LAC,SG,64,58,2201,6.2,14.1,0.438,0.9,2.9,0.309,5.3,11.2,0.472,0.47,4.4,5.1,0.877,1.3,2.9,4.2,3.6,1.5,0.2,2.7,2.4,17.7,,anderde01
101,Mark Jackson,34,IND,PG,81,81,2190,4,9.4,0.432,1.5,3.6,0.403,2.6,5.7,0.45,0.51,1.3,1.6,0.806,1,3.8,4.9,10.7,1.2,0.2,2.9,1.8,10.8,,jacksma01
102,Rod Strickland,33,WAS,PG,69,67,2188,5.4,12.5,0.429,0,0.3,0.048,5.4,12.2,0.44,0.43,3.5,5,0.702,1.2,3.1,4.3,8.5,1.5,0.3,3.1,2.4,14.3,,stricro02
103,Wally Szczerbiak,22,MIN,SF,73,53,2171,5.7,11.1,0.511,0.5,1.3,0.359,5.2,9.8,0.531,0.532,2.2,2.7,0.826,1.5,3,4.5,3.3,1,0.4,1.4,2.9,14,,szczewa02
104,Jason Caffey,26,GSW,PF,71,56,2159,5.4,11.3,0.479,0,0,0,5.4,11.2,0.48,0.479,3.4,5.8,0.597,3.2,4.9,8,2,1,0.3,2.8,4.5,14.2,,caffeja01
105,Tyrone Hill,31,PHI,PF,68,65,2155,5.3,11,0.485,0,0,0,5.3,10.9,0.485,0.485,3,4.3,0.691,3.7,6.8,10.4,0.9,1.1,0.5,2.1,4.1,13.6,,hillty01
106,Jeff Hornacek,36,UTA,SG,77,77,2133,6,12.3,0.492,1.1,2.3,0.478,4.9,10,0.495,0.537,2.9,3,0.95,0.8,2.2,3.1,3.4,1.1,0.3,1.9,2.5,16.1,,hornaje01
107,Ervin Johnson,32,MIL,C,80,74,2129,2.4,4.7,0.516,0,0,0,2.4,4.7,0.518,0.516,1.6,2.7,0.605,3.9,7,11,0.7,1.4,2.1,1.4,5,6.5,,johnser02
108,Dale Davis,30,IND,C,74,72,2127,5.1,10.2,0.502,0,0,,5.1,10.2,0.502,0.502,2.4,3.4,0.685,4.3,8,12.3,1.1,0.9,1.6,1.5,3.4,12.6,AS,davisda01
109,George McCloud,32,DEN,SF,78,11,2118,4.5,10.8,0.417,1.8,4.8,0.378,2.7,6,0.448,0.501,2.5,3.1,0.818,1.2,3.6,4.8,4.2,0.8,0.4,2.3,3.1,13.4,,mccloge01
110,Jerome Williams,26,DET,PF,82,1,2102,4.4,7.8,0.564,0,0.1,0,4.4,7.8,0.567,0.564,3,4.9,0.616,4.7,8.8,13.5,1.2,1.6,0.4,1.8,3.4,11.8,6MOY-5,willije01
111,Ruben Patterson,24,SEA,SF,81,74,2097,6.1,11.3,0.536,0.2,0.5,0.444,5.9,10.9,0.539,0.545,3.8,5.5,0.692,3.7,3.7,7.5,2.2,1.6,0.7,2.5,3.3,16.2,,patteru01
112,Howard Eisley,27,UTA,PG,82,5,2096,4.8,11.6,0.418,1,2.8,0.368,3.8,8.8,0.434,0.462,1.4,1.8,0.824,0.4,2.5,2.9,6,1,0.2,2.3,3.8,12.2,,eisleho01
113,Nick Anderson,32,SAC,SG,72,72,2094,5.3,13.4,0.391,2.3,6.8,0.332,3,6.6,0.452,0.476,0.6,1.3,0.487,1.4,4.4,5.8,2.1,1.6,0.3,1.6,2,13.4,,anderni01
114,Andre Miller,23,CLE,PG,82,36,2093,5.8,13,0.449,0.2,0.8,0.204,5.7,12.1,0.466,0.456,3.9,5,0.774,1.5,3.4,4.8,8.2,1.4,0.3,2.9,3.3,15.7,ROY-4,millean02
115,Tim Thomas,22,MIL,SF,80,1,2093,6,13,0.461,1.1,3.1,0.346,4.9,9.8,0.497,0.503,3.2,4.2,0.774,1.7,4,5.7,1.9,1,0.5,2.2,3.9,16.3,,thomati01
116,Isaiah Rider,28,ATL,SG,60,47,2084,7.8,18.5,0.419,1,3.1,0.311,6.8,15.4,0.441,0.445,3.5,4.5,0.785,1.1,3.4,4.5,3.8,0.7,0.1,2.9,2.3,20,,rideris01
117,Anthony Peeler,30,MIN,SG,82,22,2073,5.5,12.6,0.436,1.5,4.4,0.333,4,8.2,0.491,0.494,1.5,1.9,0.798,1,3,4,3.4,1.1,0.2,1.5,3,14,,peelean01
118,Donyell Marshall,26,GSW,PF,64,51,2071,5.8,14.6,0.394,0.9,2.4,0.355,4.9,12.2,0.402,0.423,3.5,4.4,0.78,3.3,7.8,11.1,2.9,1.2,1.2,2.1,3.1,15.8,,marshdo01
119,Cedric Ceballos,30,DAL,SF,69,25,2064,7.8,17.5,0.446,0.8,2.3,0.328,7,15.1,0.464,0.468,3.6,4.3,0.843,3,5.1,8.1,1.6,1,0.4,2.2,2.9,20,6MOY-3,cebalce01
120,Wesley Person,28,CLE,SG,79,38,2056,4.9,11.5,0.428,1.9,4.4,0.424,3,7.1,0.431,0.509,1.1,1.3,0.792,0.8,3.9,4.7,2.6,0.7,0.3,1.1,2.1,12.7,,persowe01
121,James Posey,23,DEN,SF,81,77,2052,4,9.4,0.429,1.4,3.9,0.373,2.6,5.5,0.468,0.506,2.1,2.6,0.8,1.5,4.1,5.6,2.6,1.7,0.6,1.7,3.6,11.6,,poseyja01
122,Ron Harper,36,LAL,PG,80,78,2042,3.7,9.4,0.399,0.6,1.9,0.311,3.2,7.5,0.421,0.43,1.8,2.6,0.68,1.7,4.2,5.9,4.8,1.5,0.7,2.3,2.9,9.8,,harpero01
123,Patrick Ewing,37,NYK,C,62,62,2035,6.4,13.7,0.466,0,0,0,6.4,13.7,0.467,0.466,3.7,5,0.731,2.5,8.2,10.7,1,0.6,1.5,2.5,3.5,16.4,,ewingpa01
124,Erick Strickland,26,DAL,SG,68,67,2025,5.6,13,0.433,1.3,3.3,0.392,4.3,9.7,0.447,0.483,2.9,3.5,0.831,1.2,4.5,5.7,3.8,1.9,0.2,1.8,3.4,15.4,,stricer01
125,Charlie Ward,29,NYK,PG,72,69,1986,3.4,8.1,0.423,1.8,4.8,0.386,1.6,3.3,0.475,0.537,0.9,1.1,0.828,0.4,3.7,4.1,5.4,1.7,0.3,1.8,3.2,9.6,,wardch01
126,Joe Smith,24,MIN,C,78,9,1975,5.3,11.4,0.464,0,0,1,5.2,11.3,0.463,0.465,3.6,4.7,0.756,3.4,5.4,8.8,1.6,0.8,1.5,2.2,5.5,14.1,,smithjo02
127,Kurt Thomas,27,NYK,PF,80,21,1971,4.9,9.8,0.505,0,0.1,0.333,4.9,9.7,0.506,0.506,1.8,2.3,0.781,2.6,6.6,9.2,1.5,0.9,0.8,1.9,5.1,11.7,,thomaku01
128,Ben Wallace,25,ORL,PF,81,81,1959,3.1,6.1,0.503,0,0,,3.1,6.1,0.503,0.503,1,2.1,0.474,3.9,8.3,12.2,1.2,1.3,2.4,1.2,3,7.2,,wallabe01
129,Aaron McKie,27,PHI,SG,82,14,1952,4.5,10.9,0.411,0.8,2.2,0.364,3.7,8.7,0.424,0.449,2.2,2.7,0.829,0.9,3.7,4.5,4.4,2,0.3,2.1,3.6,12,,mckieaa01
130,A.C. Green,36,LAL,PF,82,82,1929,3.2,7.2,0.447,0,0.1,0.25,3.2,7.1,0.449,0.448,1.2,1.8,0.695,3,6.1,9.1,1.5,1,0.3,1,2.4,7.7,,greenac01
131,Adrian Griffin,25,BOS,SG,72,47,1927,3.3,7.7,0.424,0.3,1.1,0.281,3,6.7,0.447,0.443,2.2,3,0.753,2.4,4.6,6.9,3.3,2.2,0.3,1.7,4.1,9.1,,griffad01
132,Bimbo Coles,31,ATL,PG,80,54,1924,5.2,11.4,0.455,0.1,0.7,0.205,5,10.6,0.472,0.461,1.6,1.9,0.817,0.6,2.7,3.2,5.4,1.1,0.2,1.9,3.3,12.1,,colesbi01
133,Shawn Bradley,27,DAL,C,77,54,1901,5,10.5,0.479,0,0.1,0.2,5,10.4,0.482,0.48,2.2,2.8,0.765,3,6.4,9.4,1.1,1.3,3.6,1.4,4.9,12.3,,bradlsh01
134,Kerry Kittles,25,NJN,SG,62,61,1896,5.8,13.3,0.437,1.8,4.6,0.4,4,8.7,0.456,0.506,1.9,2.4,0.795,0.9,3.4,4.3,2.7,1.5,0.4,1.1,2.3,15.3,,kittlke01
135,Jason Terry,22,ATL,PG,81,27,1888,4.7,11.4,0.415,0.9,3,0.293,3.9,8.4,0.458,0.453,2.2,2.7,0.807,0.5,2.7,3.2,6.6,1.7,0.2,3,2.5,12.5,,terryja01
136,Austin Croshere,24,IND,PF,81,14,1885,5.5,12.5,0.441,1.2,3.3,0.362,4.3,9.1,0.47,0.489,3.7,4.4,0.848,2.6,7.3,9.9,1.7,0.8,1.1,2.3,3.9,15.9,,croshau01
137,Anthony Carter,24,MIA,PG,79,30,1859,3.9,9.9,0.395,0.1,0.4,0.13,3.8,9.4,0.407,0.398,1.8,2.4,0.75,0.9,2.9,3.9,7.3,1.8,0.1,3.4,3.2,9.6,,cartean01
138,Walt Williams,29,HOU,SF,76,66,1859,6,13.2,0.458,2,5.1,0.391,4.1,8.1,0.5,0.533,2,2.4,0.821,1.3,4.6,5.9,3,0.9,0.9,2.2,3.7,16,,williwa02
139,Rik Smits,33,IND,C,79,79,1852,8.4,17.3,0.484,0,0,0,8.4,17.3,0.485,0.484,3,4.1,0.739,1.8,6,7.8,1.7,0.4,1.9,2.1,4.8,19.8,,smitsri01
140,Keon Clark,24,DEN,C,81,20,1850,5.6,10.3,0.542,0,0.2,0.125,5.5,10.1,0.548,0.543,2.4,3.4,0.688,3.2,6.7,9.8,1.4,0.9,2.2,2.4,4.5,13.5,,clarkke01
141,Terry Mills,32,DET,PF,82,78,1842,4.2,9.5,0.439,1.9,4.7,0.393,2.3,4.8,0.484,0.536,0.5,0.7,0.735,1,6.6,7.6,1.7,0.7,0.5,0.9,4.7,10.7,,millste01
142,Andrew DeClercq,26,CLE,C,82,31,1831,4.4,8.7,0.508,0,0,,4.4,8.7,0.508,0.508,1.8,3.1,0.588,3.1,5.6,8.6,1.1,1.2,1.3,2.1,5.4,10.7,,declean01
143,Tracy Murray,28,WAS,SF,80,8,1831,5.7,13.2,0.433,2.2,5.2,0.43,3.5,8,0.435,0.517,2.4,2.8,0.851,1.2,4.1,5.3,1.4,0.9,0.5,1.7,3.6,16,,murratr01
144,Olden Polynice,35,UTA,C,82,79,1819,4,7.9,0.51,0,0,0.5,4,7.8,0.51,0.511,0.6,1.8,0.311,3.3,5.7,9,0.7,0.6,1.7,1.4,5.1,8.6,,polynol01
145,Hubert Davis,29,DAL,PG,79,15,1817,4.3,9.2,0.468,1.6,3.3,0.491,2.7,5.9,0.455,0.556,1.3,1.5,0.87,0.3,2.3,2.7,2.8,0.5,0.1,1.4,2.2,11.6,,davishu01
146,Chris Gatling,32,2TM,PF,85,0,1811,7.3,15.9,0.455,0.4,1.4,0.257,6.9,14.6,0.474,0.466,5.3,7.4,0.713,3.1,6.9,10,1.4,1.6,0.5,3.4,4.9,20.2,,gatlich01
147,Chris Gatling,32,ORL,PF,45,0,1041,7.3,16,0.455,0.2,0.8,0.304,7,15.2,0.462,0.462,5.9,8.5,0.698,3.1,7.1,10.3,1.4,1.7,0.3,3.6,4.9,20.7,,gatlich01
148,Chris Gatling,32,DEN,PF,40,0,770,7.2,15.9,0.456,0.5,2.2,0.234,6.7,13.7,0.491,0.472,4.4,6,0.742,2.9,6.6,9.6,1.4,1.6,0.6,3,4.9,19.4,,gatlich01
149,Derek Fisher,25,LAL,PG,78,22,1803,3.3,9.6,0.346,1,3.3,0.313,2.3,6.3,0.363,0.4,2.1,2.9,0.724,0.4,2.4,2.9,4.3,1.6,0.1,1.5,3,9.8,,fishede01
150,Vitaly Potapenko,24,BOS,C,79,72,1797,6.2,12.3,0.499,0,0,0,6.2,12.3,0.5,0.499,2.2,3.2,0.681,3.6,6.4,10,1.5,0.8,0.6,2.9,4.8,14.5,,potapvi01
151,Kenny Thomas,22,HOU,PF,72,29,1797,4.2,10.6,0.399,0.6,2.4,0.262,3.6,8.2,0.44,0.429,2.8,4.2,0.66,2.9,5.8,8.8,2.3,1.1,0.4,2.2,3.3,11.9,,thomake01
152,Theo Ratliff,26,PHI,PF,57,56,1795,5,9.8,0.503,0,0,,5,9.8,0.503,0.503,3.7,4.7,0.771,2.8,5.9,8.7,0.7,0.6,3.4,2.2,3.7,13.6,,ratlith01
153,Vonteego Cummings,23,GSW,PG,75,11,1793,5.3,13.2,0.405,1,3,0.325,4.3,10.1,0.429,0.442,2.5,3.4,0.751,1.1,2.5,3.7,5,1.8,0.3,2.7,3.5,14.2,,cummivo01
154,Toni Kukoč,31,2TM,SF,56,31,1784,6,14.7,0.408,0.9,3.4,0.262,5.1,11.3,0.452,0.438,3.9,5.3,0.725,1.5,4,5.5,5.3,1.6,0.6,2.9,2.3,16.7,,kukocto01
155,Toni Kukoč,31,CHI,SF,24,23,868,6.1,16.1,0.381,0.7,3.2,0.231,5.4,12.9,0.419,0.405,4.9,6.4,0.761,1.5,3.9,5.4,5.1,1.8,0.8,3.1,2.1,17.9,,kukocto01
156,Toni Kukoč,31,PHI,SF,32,8,916,5.9,13.4,0.438,1,3.5,0.289,4.8,9.8,0.492,0.476,2.9,4.3,0.673,1.5,4.1,5.6,5.5,1.3,0.4,2.8,2.4,15.6,,kukocto01
157,Bryant Reeves,26,VAN,C,69,67,1773,5.1,11.4,0.448,0,0.1,0,5.1,11.3,0.452,0.448,2.2,3.4,0.648,2.6,5.4,7.9,1.7,0.7,0.8,2.4,5,12.4,,reevebr01
158,Tom Gugliotta,30,PHO,PF,54,54,1767,6.3,13.1,0.481,0,0.2,0.125,6.3,13,0.485,0.481,2.4,3.1,0.775,2.9,5.8,8.7,2.5,1.6,0.6,2.2,3.1,15,,guglito01
159,Johnny Newman,36,NJN,SF,82,9,1763,5.7,12.7,0.446,1.5,3.9,0.379,4.2,8.8,0.476,0.504,3.9,4.7,0.838,0.8,2.3,3.1,1.3,1.1,0.2,1.8,4.2,16.7,,newmajo01
160,Brevin Knight,24,CLE,PG,65,46,1754,4.7,11.5,0.412,0,0.2,0.2,4.7,11.2,0.416,0.414,2.9,3.8,0.761,0.8,3.2,4,9.4,2.2,0.4,3.2,3.8,12.4,,knighbr01
161,Peja Stojaković,22,SAC,SF,74,11,1749,6.6,14.8,0.448,2.1,5.5,0.375,4.5,9.3,0.491,0.517,2.8,3.1,0.882,1.5,4.2,5.7,2.2,1.1,0.1,1.8,2,18.1,6MOY-6,stojape01
162,Muggsy Bogues,35,TOR,PG,80,5,1731,3.3,7.4,0.439,0.4,1.1,0.333,2.9,6.4,0.456,0.462,1.6,1.8,0.908,0.5,2.3,2.8,6.2,1.4,0.1,1.2,2.5,8.5,,boguemu01
163,Rasho Nesterović,23,MIN,C,82,55,1723,4.3,9,0.476,0,0,0,4.3,9,0.478,0.476,1.2,2.2,0.573,2.8,5.1,7.9,1.9,0.4,1.8,1.5,5.5,9.8,,nestera01
164,Mark Bryant,34,CLE,PF,75,50,1712,3.7,7.3,0.503,0,0,,3.7,7.3,0.503,0.503,1.6,2,0.809,2.6,4.8,7.4,1.3,0.7,0.7,1.8,5.3,8.9,,bryanma01
165,Eric Piatkowski,29,LAC,SF,75,23,1712,5,12,0.415,2,5.1,0.383,3,6.9,0.439,0.497,1.8,2.1,0.85,1.6,3.1,4.7,1.7,0.9,0.3,1.2,2.9,13.8,,piatker01
166,Corliss Williamson,26,SAC,SF,76,76,1707,6.6,13.1,0.5,0,0,,6.6,13.1,0.5,0.5,3.4,4.5,0.769,2.6,3.5,6.1,1.7,0.8,0.4,2.3,4,16.6,,willico02
167,Travis Best,27,IND,PG,82,0,1691,5.8,11.9,0.483,0.7,2,0.376,5,10,0.504,0.514,3.3,4,0.821,0.3,2.7,3,5.8,1.6,0.1,2.3,4.3,15.6,,besttr01
168,Jaren Jackson,32,SAS,SG,81,12,1691,4,10.4,0.381,2.3,6.5,0.353,1.7,3.9,0.429,0.492,0.7,1.1,0.647,0.7,3.1,3.9,2.5,1.1,0.1,1.4,3.3,10.9,,jacksja01
169,Arvydas Sabonis,35,POR,C,66,61,1688,6.4,12.8,0.505,0.1,0.4,0.368,6.3,12.3,0.509,0.511,3.6,4.2,0.843,2.1,8.9,10.9,2.5,0.9,1.7,2.1,3.9,16.6,,sabonar01
170,Robert Horry,29,LAL,PF,76,0,1685,3.4,7.8,0.438,0.6,2,0.309,2.8,5.7,0.483,0.478,1.9,2.4,0.788,2.8,4.9,7.7,2.5,1.8,1.7,1.6,4,9.3,,horryro01
171,John Amaechi,29,ORL,C,80,53,1684,6.5,15,0.437,0,0.1,0.167,6.5,14.8,0.439,0.438,4.8,6.2,0.766,1.3,4.4,5.7,2,0.7,0.8,3,3.4,17.9,,amaecjo01
172,Kevin Willis,37,TOR,PF,79,1,1679,5.1,12.2,0.415,0,0.1,0.333,5,12.1,0.415,0.416,2.8,3.5,0.799,4.3,6,10.3,1.1,0.8,1,2.1,5.5,13,,willike02
173,Chris Childs,32,NYK,PG,71,2,1675,3.1,7.7,0.409,0.8,2.2,0.356,2.3,5.4,0.431,0.461,1,1.3,0.797,0.4,2.8,3.2,6.1,0.8,0.1,2.3,5.2,8.1,,childch01
174,Tim Hardaway,33,MIA,PG,52,52,1672,5.3,13.7,0.386,2,5.5,0.367,3.3,8.2,0.398,0.459,2.4,2.9,0.827,0.5,2.7,3.2,8.3,1.1,0.1,2.6,2.4,15,,hardati01
175,Detlef Schrempf,37,POR,SF,77,6,1662,4.1,9.4,0.432,0.5,1.1,0.404,3.6,8.3,0.436,0.456,3.9,4.7,0.833,1.7,5.5,7.2,4.3,0.8,0.4,2.2,3.9,12.4,,schrede01
176,Adonal Foyle,24,GSW,C,76,59,1654,4.2,8.3,0.508,0,0,,4.2,8.3,0.508,0.508,0.7,2,0.378,3.8,5.4,9.2,0.9,0.6,3,1.5,4.7,9.1,,foylead01
177,Dickey Simpkins,27,CHI,PF,69,48,1651,2.4,6,0.405,0,0,0,2.4,6,0.407,0.405,1.4,2.6,0.542,2.7,5.4,8.1,2.2,0.5,0.5,2.8,4.7,6.3,,simpkdi01
178,Chris Whitney,28,WAS,PG,82,15,1627,4.8,11.5,0.417,2.1,5.6,0.376,2.7,5.9,0.455,0.509,2.5,2.9,0.848,0.4,2.5,3,6.9,1.2,0.1,2.4,3.7,14.2,,whitnch01
179,Chucky Atkins,25,ORL,PG,82,0,1626,7,16.4,0.424,1.3,3.6,0.35,5.7,12.8,0.445,0.462,2.1,2.9,0.729,0.4,2.3,2.8,6.8,1.2,0.1,3.1,3,17.3,,atkinch01
180,Randy Brown,31,CHI,PG,59,55,1625,3.5,9.6,0.361,0.1,0.1,0.5,3.4,9.5,0.359,0.364,1.4,1.9,0.738,0.5,2.7,3.2,4.5,1.4,0.3,2.3,2.7,8.4,,brownra02
181,Hersey Hawkins,33,CHI,SG,61,49,1622,3.5,8.3,0.424,1.2,3.1,0.39,2.3,5.2,0.444,0.497,2.4,2.6,0.899,0.7,3.2,3.9,3,1.6,0.3,2.2,3.2,10.7,,hawkihe01
182,Sam Perkins,38,IND,PF,81,0,1620,4.1,9.8,0.417,2,4.8,0.408,2.1,5,0.426,0.518,1.8,2.2,0.825,1.4,5,6.4,1.5,0.7,0.7,1.4,3,11.9,,perkisa01
183,Clarence Weatherspoon,29,MIA,PF,78,2,1615,4.8,9.3,0.513,0,0,,4.8,9.3,0.513,0.513,3,4.1,0.738,2.9,7.2,10,2.1,1.1,1.1,2.2,3.7,12.6,,weathcl01
184,Terry Porter,36,SAS,PG,68,8,1613,4.6,10.3,0.447,2,4.6,0.435,2.6,5.7,0.457,0.544,3.1,3.8,0.806,0.5,3.7,4.3,4.9,1.1,0.2,2.2,1.8,14.3,,portete01
185,Michael Curry,31,DET,SG,82,3,1611,4.1,8.5,0.48,0,0.1,0.2,4,8.4,0.484,0.482,3.2,3.8,0.839,0.5,1.9,2.3,1.9,0.7,0.1,1.6,4.7,11.3,,currymi01
186,Greg Ostertag,26,UTA,C,81,3,1606,2.8,6,0.464,0,0,0,2.8,6,0.466,0.464,2.7,4.2,0.636,3.9,6.9,10.8,0.4,0.4,3.9,1.8,4.4,8.2,,ostergr01
187,Troy Hudson,23,LAC,PG,62,38,1592,4.6,12.2,0.377,1.4,4.4,0.311,3.3,7.9,0.414,0.433,1.7,2.1,0.811,0.6,2.7,3.3,5.5,1,0,2.4,1.5,12.3,,hudsotr01
188,Kelvin Cato,25,HOU,C,65,32,1581,4.9,9.2,0.537,0,0.1,0,4.9,9.1,0.543,0.537,3.1,4.7,0.649,2.3,6.5,8.9,0.6,0.8,2.8,1.6,4,12.9,,catoke01
189,Tariq Abdul-Wahad,25,2TM,SG,61,56,1578,6.3,14.7,0.424,0.1,0.5,0.13,6.2,14.2,0.435,0.426,3.3,4.4,0.756,2.3,4.3,6.6,2.2,1.3,0.6,2.4,3.4,15.9,,abdulta01
190,Tariq Abdul-Wahad,25,ORL,SG,46,46,1205,6.7,15.4,0.433,0.1,0.6,0.095,6.6,14.8,0.447,0.435,3.4,4.5,0.762,2.3,4.8,7.1,2.2,1.6,0.5,2.6,3.5,16.8,,abdulta01
191,Tariq Abdul-Wahad,25,DEN,SG,15,10,373,4.9,12.6,0.389,0.1,0.2,0.5,4.8,12.5,0.388,0.393,3,4.1,0.738,2.3,2.7,5,2.5,0.6,1.2,1.8,3,12.9,,abdulta01
192,Rashard Lewis,20,SEA,SF,82,8,1575,6.3,12.9,0.486,0.9,2.7,0.333,5.4,10.2,0.527,0.521,1.9,2.8,0.683,2.9,4.8,7.7,1.6,1.4,0.8,1.8,3.7,15.4,,lewisra02
193,Antawn Jamison,23,GSW,SF,43,41,1556,8.2,17.5,0.471,0,0.2,0.286,8.2,17.3,0.473,0.472,2.9,4.8,0.611,4,4.3,8.3,2.1,0.7,0.3,2.6,2.7,19.5,,jamisan01
194,Greg Anthony,32,POR,PG,82,3,1548,3.9,9.7,0.406,2,5.4,0.378,1.9,4.3,0.443,0.512,2,2.7,0.772,0.4,2.7,3.1,4.8,1.4,0.2,2,3.3,12,,anthogr01
195,Marcus Camby,25,NYK,C,59,11,1548,5.3,11,0.48,0,0,0.5,5.2,10.9,0.48,0.481,3.4,5.1,0.67,4,6.7,10.7,1.1,1,2.7,1.7,4.7,14,6MOY-6,cambyma01
196,Aaron Williams,28,WAS,PF,81,0,1545,5.5,10.5,0.522,0,0.1,0,5.5,10.4,0.526,0.522,3.4,4.7,0.726,3.7,5.8,9.5,1.4,1,2.1,1.9,5.5,14.4,,williaa01
197,Jahidi White,23,WAS,C,80,59,1537,5.3,10.5,0.507,0,0,,5.3,10.5,0.507,0.507,2.6,4.9,0.536,4.7,8.2,13,0.4,0.7,1.9,2.2,5.5,13.3,,whiteja01
198,Steve Nash,25,DAL,PG,56,27,1532,4.1,8.5,0.477,1.4,3.5,0.403,2.7,5,0.528,0.559,1.8,2,0.882,0.8,2,2.8,6.4,0.9,0.1,2.4,2.9,11.3,,nashst01
199,Baron Davis,20,CHH,PG,82,0,1523,4.3,10.2,0.42,0.6,2.6,0.225,3.7,7.6,0.488,0.449,2.3,3.6,0.634,1.1,2.8,3.9,7.3,2.3,0.4,3.3,4.8,11.5,,davisba01
200,Lucious Harris,29,NJN,SG,77,11,1510,4.7,11,0.428,0.9,2.7,0.33,3.8,8.3,0.46,0.469,1.9,2.4,0.798,1.3,3.2,4.5,2.4,1.5,0.1,1,2.3,12.2,,harrilu01
201,Tony Battie,23,BOS,C,82,4,1505,5.2,11,0.477,0,0.2,0.125,5.2,10.8,0.483,0.478,2.4,3.6,0.675,3.6,6.2,9.8,1.5,1.1,1.7,1.6,6,12.9,,battito01
202,Monty Williams,28,ORL,SF,75,23,1501,6.3,12.9,0.489,0,0.1,0.4,6.3,12.8,0.49,0.491,3,4,0.741,2.3,3.7,6,2.5,1.1,0.4,2.6,4.5,15.6,,willimo01
203,Scott Williams,31,MIL,C,68,46,1488,5.2,10.3,0.5,0,0,,5.2,10.3,0.5,0.5,2.3,3.1,0.729,4.3,6.6,10.8,0.7,1,1.6,1.6,5.6,12.6,,willisc01
204,Pat Garrity,23,ORL,SF,82,1,1479,6.3,14.2,0.441,1.9,4.8,0.401,4.4,9.4,0.461,0.509,1.9,2.7,0.721,1.1,4,5.1,1.4,0.8,0.5,2.1,4.8,16.4,,garripa01
205,Rick Fox,30,LAL,SF,82,1,1473,5,12.2,0.414,1.4,4.4,0.326,3.6,7.7,0.464,0.473,1.5,1.9,0.808,1.5,3.3,4.8,3.4,1.3,0.6,2.1,5,13.1,,foxri01
206,Voshon Lenard,26,MIA,SG,53,13,1434,5.7,14.1,0.407,2.2,5.7,0.39,3.5,8.3,0.419,0.487,2.1,2.7,0.792,0.9,2.9,3.8,3.4,1,0.4,2,3.2,15.8,,lenarvo01
207,Luc Longley,31,PHO,C,72,68,1417,4.7,10.1,0.466,0,0,,4.7,10.1,0.466,0.466,2,2.5,0.825,2.5,5.7,8.2,2,0.6,1.1,3.5,5.6,11.5,,longllu01
208,Matt Geiger,30,PHI,C,65,20,1406,6.7,15.1,0.441,0,0.1,0,6.7,15,0.444,0.441,2.8,3.6,0.779,3.9,6,9.9,1,0.7,0.6,2.3,5,16.1,,geigema01
209,Eric Williams,27,BOS,SF,68,17,1378,4.3,10.1,0.427,0.7,1.9,0.347,3.7,8.2,0.446,0.46,3.5,4.4,0.793,1.4,2.6,4.1,2.4,1.1,0.4,1.7,4.3,12.8,,willier01
210,Richard Hamilton,21,WAS,SG,71,12,1373,6.7,15.9,0.42,0.7,2,0.364,5.9,13.8,0.428,0.443,2.7,3.5,0.774,1,2.4,3.4,2.8,0.7,0.2,2.2,3.7,16.8,,hamilri01
211,Corey Maggette,20,ORL,SF,77,5,1370,5.9,12.3,0.478,0.1,0.3,0.182,5.8,12,0.485,0.48,5.2,6.9,0.751,3.2,4.7,8,1.6,0.6,0.7,3.6,4.4,17,,maggeco01
212,Malik Rose,25,SAS,PF,74,3,1341,4.7,10.3,0.457,0,0.1,0.333,4.7,10.3,0.458,0.458,3.8,5.3,0.722,3.6,5.4,9,1.3,0.9,1.4,2.7,6.2,13.3,,rosema01
213,Scot Pollard,24,SAC,C,76,5,1336,4,7.6,0.527,0,0,,4,7.6,0.527,0.527,3.1,4.3,0.717,4.5,6.4,10.9,1.2,1.5,1.6,1.3,5.7,11.1,,pollasc01
214,Scott Burrell,29,NJN,SF,74,9,1336,4.4,11.3,0.394,2.2,6.3,0.353,2.2,5,0.444,0.492,1.1,1.3,0.78,1.8,5.1,6.9,1.9,1.8,1.2,1,4.7,12.2,,burresc01
215,Michael Doleac,22,ORL,C,81,29,1335,6.5,14.4,0.452,0,0.1,0.5,6.5,14.4,0.452,0.453,2.2,2.6,0.842,2.4,6.6,9,1.7,0.8,0.9,1.8,6,15.2,,doleami01
216,Danny Ferry,33,CLE,PF,63,3,1326,5.1,10.3,0.497,0.9,2,0.44,4.2,8.3,0.511,0.541,1.4,1.5,0.912,1.5,5,6.5,1.8,0.6,0.7,1.5,4.9,12.6,,ferryda01
217,Brian Grant,27,POR,PF,63,14,1322,4.7,9.6,0.491,0,0.1,0.5,4.7,9.5,0.491,0.493,3,4.5,0.675,3.3,6.1,9.4,1.7,0.9,0.8,2.3,4.5,12.5,,grantbr01
218,Jerome Kersey,37,SAS,SF,72,18,1310,4,9.7,0.412,0,0.2,0,4,9.5,0.423,0.412,0.8,1.1,0.707,1.6,4.6,6.2,1.9,1.8,1.3,1.4,4.4,8.8,,kerseje01
219,Calbert Cheaney,28,BOS,SG,67,19,1309,3.3,7.5,0.44,0.5,1.5,0.333,2.8,6,0.466,0.473,0.2,0.6,0.429,0.6,3.2,3.8,2.2,1.2,0.4,1.3,4.3,7.3,,cheanca01
220,LaPhonso Ellis,29,ATL,PF,58,8,1309,5.7,12.8,0.45,0.1,0.6,0.143,5.7,12.2,0.465,0.454,1.8,2.6,0.695,2.7,5.3,8,1.6,0.9,0.7,1.4,3.7,13.4,,ellisla01
221,Billy Owens,30,2TM,SF,62,11,1305,4.1,9.9,0.419,0.3,0.9,0.324,3.8,8.9,0.429,0.434,1.7,2.9,0.594,2.7,5.6,8.3,2.7,0.9,0.6,2.3,4.6,10.3,,owensbi01
222,Billy Owens,30,PHI,PF,46,7,919,4.4,10.1,0.434,0.4,1.1,0.333,4,9,0.446,0.452,1.5,2.5,0.594,2.5,5.1,7.5,2.3,1,0.6,2.4,4.7,10.6,,owensbi01
223,Billy Owens,30,GSW,SF,16,4,386,3.5,9.3,0.38,0.2,0.7,0.286,3.4,8.7,0.387,0.39,2.3,3.9,0.595,3.4,6.8,10.2,3.5,0.7,0.5,2.2,4.4,9.6,,owensbi01
224,Bryce Drew,25,HOU,PG,72,5,1293,4.4,11.5,0.383,1.6,4.5,0.362,2.8,7,0.396,0.454,1.3,1.5,0.849,0.6,2.2,2.9,4.5,1.1,0,1.8,2.2,11.7,,drewbr01
225,Jon Barry,30,SAC,SG,62,1,1281,4.5,9.7,0.465,1.9,4.3,0.429,2.7,5.4,0.495,0.561,3,3.3,0.922,1.1,3.4,4.5,4.2,2.1,0.2,2.4,2.9,13.9,,barryjo01
226,Dennis Scott,31,VAN,SF,66,0,1263,3.6,9.5,0.375,2,5.4,0.376,1.5,4.1,0.375,0.482,1.4,1.6,0.842,0.5,2.6,3,2,0.8,0.3,0.9,3,10.5,,scottde01
227,Shawn Marion,21,PHO,SF,51,38,1260,6.3,13.5,0.471,0.1,0.6,0.182,6.2,12.8,0.486,0.476,2.1,2.4,0.847,3,6.5,9.5,2,1.1,1.5,1.5,3.2,14.9,,mariosh01
228,Brian Shaw,33,LAL,SG,74,2,1249,3.5,9.3,0.382,0.5,1.7,0.31,3,7.6,0.398,0.41,1.2,1.6,0.759,1.3,4.9,6.2,5.8,1,0.4,2.2,3,8.8,,shawbr01
229,Sam Mitchell,36,MIN,SF,66,24,1227,4.9,11,0.447,0.3,0.7,0.435,4.6,10.4,0.448,0.46,2.4,2.7,0.88,0.8,3.2,4,3.3,0.8,0.4,1.3,3.4,12.5,,mitchsa01
230,Danny Manning,33,MIL,PF,72,0,1217,4.4,10,0.44,0,0.1,0.25,4.4,9.9,0.442,0.441,1,1.5,0.654,1.5,4.7,6.2,2.2,1.8,0.9,1.6,5.4,9.9,,mannida01
231,Vinny Del Negro,33,MIL,PG,67,0,1211,4.5,9.7,0.471,0.2,0.7,0.333,4.3,8.9,0.482,0.483,1,1.2,0.897,0.3,2.9,3.2,4.8,1.1,0,1.4,2.4,10.4,,delnevi01
232,Lorenzen Wright,24,ATL,C,75,0,1205,5.4,10.8,0.499,0,0.1,0.333,5.3,10.7,0.5,0.5,2.6,4,0.644,3.5,5.6,9.1,0.6,0.9,1.2,2,6.1,13.4,,wrighlo02
233,Tony Farmer,30,GSW,PF,74,9,1199,3.8,9.4,0.407,0.2,1.3,0.182,3.6,8,0.444,0.42,6.1,8,0.766,3.5,5.3,8.9,2.2,2,0.5,2.5,5,14,,farmeto01
234,Antonio Daniels,24,SAS,SG,68,1,1195,4.9,10.4,0.474,0.7,2,0.333,4.2,8.4,0.507,0.506,2.2,3,0.713,0.5,2.1,2.6,5.3,1.7,0.2,1.7,2.2,12.7,,daniean01
235,John Starks,34,2TM,SG,37,30,1190,6.1,16.4,0.375,1.8,5.2,0.345,4.4,11.2,0.388,0.429,1.5,1.8,0.847,0.3,2.8,3.1,5.5,1.3,0.1,2,3.1,15.6,,starkjo01
236,John Starks,34,GSW,SG,33,30,1108,6.2,16.5,0.378,1.8,5.2,0.348,4.4,11.3,0.392,0.433,1.5,1.8,0.833,0.3,2.6,3,5.5,1.2,0.1,2.1,3,15.8,,starkjo01
237,John Starks,34,CHI,SG,4,0,82,4.8,14.9,0.324,1.3,4.4,0.3,3.5,10.5,0.333,0.368,2.2,2.2,1,0,4.4,4.4,4.8,2.2,0.4,1.3,4,13.2,,starkjo01
238,Matt Maloney,28,CHI,PG,51,12,1175,3.5,9.7,0.358,1.9,5.3,0.356,1.6,4.4,0.361,0.456,1.1,1.4,0.822,0.3,1.7,2,4.2,1,0.1,1.9,1.3,10,,malonma01
239,Isaac Austin,30,WAS,C,59,23,1173,4.6,10.8,0.429,0,0.1,0.25,4.6,10.7,0.431,0.43,2.9,4.2,0.686,2,6.7,8.7,2.3,0.5,1.2,3.3,3.9,12.2,,austiis01
240,Chris Carr,25,2TM,SF,57,2,1166,6.1,15.3,0.395,1,3.1,0.317,5.1,12.2,0.415,0.427,3.3,3.9,0.856,1.3,4.1,5.3,2.6,0.9,0.5,3.6,3.5,16.4,,carrch01
241,Chris Carr,25,GSW,SG,7,0,74,5.4,16.1,0.333,0.5,3.9,0.125,4.9,12.2,0.4,0.348,7.8,9.2,0.842,2.4,3.9,6.3,1.5,0,0.5,2.4,5.8,19,,carrch01
242,Chris Carr,25,CHI,SF,50,2,1092,6.1,15.3,0.4,1,3.1,0.333,5.1,12.2,0.416,0.433,3,3.5,0.858,1.2,4.1,5.3,2.7,1,0.5,3.7,3.3,16.2,,carrch01
243,Bonzi Wells,23,POR,SF,66,0,1162,7.3,14.9,0.492,0.6,1.6,0.377,6.7,13.2,0.506,0.513,2.7,4,0.682,2.4,3.2,5.6,3,2.1,0.4,3,4.7,18,,wellsbo01
244,Michael Smith,27,WAS,SF,46,46,1145,3.4,6,0.563,0,0,0,3.4,6,0.565,0.563,2.3,3.2,0.723,3.8,6.6,10.4,1.8,0.8,0.7,1.4,4,9.1,,smithmi02
245,Dana Barros,32,BOS,PG,72,0,1139,6.2,13.7,0.451,1.9,4.6,0.41,4.3,9.2,0.471,0.518,2.1,2.4,0.868,0.4,2.7,3.1,4.2,1,0.1,2.1,2.5,16.3,,barroda01
246,Eddie Robinson,23,CHH,SF,67,8,1112,6.9,12.5,0.549,0,0.1,0,6.9,12.4,0.555,0.549,1.5,2.1,0.734,1.7,4.2,6,1,1.6,0.8,1.3,2.2,15.2,,robined01
247,Cedric Henderson,24,CLE,SF,61,7,1107,4.2,10.6,0.396,0,0.5,0.067,4.2,10.1,0.412,0.397,2.2,3.4,0.663,1.1,3.4,4.6,1.8,1.3,0.6,2.2,3.2,10.7,,hendece02
248,Carlos Rogers,28,HOU,C,53,15,1101,5.6,10.6,0.525,0,0.5,0.071,5.5,10.1,0.545,0.526,2.6,4.5,0.591,3.2,5.8,9,1.4,0.5,1.1,2.1,2.5,13.8,,rogerca01
249,Chucky Brown,31,2TM,PF,63,29,1096,4.9,10.8,0.451,0.1,0.3,0.2,4.8,10.4,0.459,0.454,1.2,1.7,0.692,1.1,4.3,5.5,2.2,0.7,0.6,1.5,3.7,11,,brownch01
250,Chucky Brown,31,SAS,PF,30,27,602,4.9,10.5,0.466,0.1,0.2,0.333,4.8,10.3,0.468,0.469,1.5,1.9,0.806,0.7,3.9,4.6,2.5,0.5,0.6,1.7,3.2,11.4,,brownch01
251,Chucky Brown,31,CHH,PF,33,2,494,4.8,11.1,0.434,0.1,0.5,0.143,4.7,10.6,0.448,0.438,0.8,1.5,0.524,1.7,4.8,6.6,1.8,0.9,0.6,1.2,4.4,10.5,,brownch01
252,Dell Curry,35,TOR,SG,67,9,1095,6.4,14.9,0.427,3.1,8,0.393,3.3,7,0.467,0.532,0.8,1.1,0.75,0.4,2.9,3.3,2.9,1.1,0.3,1.3,2.2,16.7,,curryde01
253,Oliver Miller,29,PHO,C,51,9,1088,4.5,7.7,0.588,0,0,,4.5,7.7,0.588,0.588,1.6,2.4,0.671,2.9,5.8,8.6,2.3,1.4,2.6,2.4,4.4,10.7,,milleol01
254,Randy Livingston,24,PHO,PG,79,15,1081,5.2,12.4,0.416,0.6,1.8,0.345,4.5,10.6,0.428,0.441,1.7,2.1,0.839,0.8,3.5,4.3,5.7,1.6,0.4,3.1,4.3,12.7,,livinra01
255,Gerard King,27,WAS,SF,62,28,1060,4.7,9.4,0.502,0,0,,4.7,9.4,0.502,0.502,1.7,2.2,0.742,2.9,5.6,8.5,1.7,1.2,0.5,1.4,4.5,11.1,,kingge02
256,Hakeem Olajuwon,37,HOU,C,44,28,1049,6.6,14.4,0.458,0,0.1,0,6.6,14.4,0.461,0.458,2.4,3.8,0.616,2.2,7.2,9.4,2.1,1.4,2.4,2.5,3,15.6,,olajuha01
257,Jim McIlvaine,27,NJN,C,66,53,1048,2.2,5.3,0.416,0,0,,2.2,5.3,0.416,0.416,1,1.9,0.518,3.6,4.3,7.9,1.2,0.9,4,1.3,7,5.4,,mcilvji01
258,Bobby Jackson,26,MIN,PG,73,10,1034,4.9,12,0.405,0.5,1.6,0.283,4.4,10.4,0.423,0.423,2.6,3.4,0.776,1.7,3.6,5.3,6,1.7,0.2,2,4,12.8,,jacksbo01
259,Lawrence Funderburke,29,SAC,PF,75,1,1026,6.5,12.4,0.523,0,0.1,0,6.5,12.3,0.526,0.523,4,5.7,0.706,3.4,4.8,8.2,1.2,1.1,0.7,1.4,3.2,16.9,,fundela01
260,Matt Bullard,32,HOU,PF,56,27,1024,4.9,12,0.409,2.8,6.2,0.446,2.1,5.7,0.368,0.525,0.9,1.1,0.833,0.5,4.4,4.9,2.2,0.7,0.5,1.3,3,13.4,,bullama01
261,Will Perdue,34,CHI,C,67,15,1012,2.1,6,0.351,0,0,,2.1,6,0.351,0.351,1.8,3.7,0.476,3.1,6.2,9.3,2.3,0.5,1.5,2.8,4.5,6,,perduwi01
262,Chris Anstey,25,CHI,C,73,11,1007,5.8,13,0.442,0,0.2,0.167,5.7,12.8,0.447,0.444,4.1,5.3,0.789,3.2,6.8,10,2.3,1,0.9,2.9,6.4,15.7,,anstech01
263,Sean Rooks,30,DAL,C,71,13,1001,4.4,10.2,0.431,0,0,,4.4,10.2,0.431,0.431,2.3,3.2,0.73,2.9,6,8.9,2.4,1,1.9,2.5,6.1,11.1,,rooksse01
264,Vernon Maxwell,34,SEA,SG,47,0,989,6.2,17.8,0.345,2.4,8.1,0.3,3.7,9.7,0.382,0.413,3.9,5.4,0.73,0.5,2.3,2.9,2.7,1.4,0.3,1.9,3,18.7,,maxweve01
265,Samaki Walker,23,SAS,PF,71,7,980,5,11.2,0.449,0,0,,5,11.2,0.449,0.449,3.2,4.6,0.683,2.8,7.2,10,1.4,0.4,1.3,2.4,4,13.2,,walkesa01
266,Michael Ruffin,23,CHI,PF,71,6,975,2.1,5.1,0.42,0,0,,2.1,5.1,0.42,0.42,1.6,3.2,0.489,4.3,4.9,9.2,1.6,1,1,2.2,6.3,5.9,,ruffimi01
267,Brad Miller,23,CHH,C,55,4,961,5.1,11,0.461,0,0.1,0,5.1,10.9,0.464,0.461,5.7,7.3,0.785,4.2,6.7,11,1.7,0.9,1.3,1.8,4.2,15.8,,millebr01
268,Rex Chapman,32,PHO,SG,53,19,957,4.7,12,0.388,1.5,4.6,0.333,3.1,7.4,0.421,0.452,2.2,2.9,0.756,0.4,2.6,3,2.3,0.8,0,1.4,2.6,13.1,,chapmre01
269,Todd Day,30,PHO,SG,58,1,941,5,12.6,0.394,2.4,6.3,0.388,2.5,6.3,0.4,0.491,2.8,4.1,0.667,1.2,3.7,4.9,2.5,1.7,0.8,1.9,4.9,15.1,,dayto01
270,Tyrone Corbin,37,SAC,SF,54,5,941,3.4,9.4,0.356,0.4,1.7,0.227,3,7.8,0.384,0.377,1.3,1.5,0.846,1.5,4.8,6.3,2.3,1.4,0.2,1.1,3.8,8.4,,corbity01
271,John Crotty,30,DET,PG,69,0,937,4.1,9.6,0.422,1.3,3.1,0.413,2.8,6.6,0.427,0.488,3.1,3.6,0.86,0.7,2.2,2.9,4.9,1,0.2,2.1,4,12.5,,crottjo01
272,Greg Buckner,23,DAL,SG,48,1,923,4.3,9.1,0.476,0.4,1,0.385,3.9,8.1,0.488,0.498,1.7,2.5,0.683,2.2,4.6,6.8,2.1,1.5,0.8,1.4,5.8,10.7,,buckngr01
273,Grant Long,33,VAN,PF,42,1,920,2.9,6.5,0.443,0,0.2,0,2.9,6.4,0.454,0.443,2.2,2.8,0.775,3.4,5.8,9.2,1.7,1.8,0.4,1.9,4.2,7.9,,longgr01
274,Quincy Lewis,22,UTA,SG,74,0,896,4.5,12,0.372,0.9,2.5,0.365,3.5,9.4,0.374,0.411,1.5,2.1,0.731,1.8,2.7,4.5,1.6,1,0.6,1.8,6.3,11.4,,lewisqu01
275,Darrick Martin,28,SAC,PG,71,1,893,5.4,14.1,0.38,1.5,5,0.306,3.8,9.1,0.42,0.434,4,4.8,0.824,0.3,1.5,1.8,4.9,1.1,0.1,2.5,3.6,16.2,,martida01
276,Jacque Vaughn,24,UTA,PG,78,0,884,4.4,10.7,0.416,0.6,1.4,0.412,3.9,9.3,0.417,0.443,2.3,3.1,0.75,0.4,2.2,2.6,4.9,1.3,0,3.1,3.7,11.8,,vaughja01
277,Walter McCarty,25,BOS,PF,61,5,879,3.2,9.4,0.339,1.4,4.5,0.309,1.8,4.9,0.367,0.413,1.6,2.2,0.722,1.4,3.2,4.5,2.9,1,0.9,2.7,3.4,9.4,,mccarwa01
278,Bruce Bowen,28,2TM,SF,69,2,878,3,8,0.371,1.1,2.4,0.466,1.8,5.6,0.331,0.441,1,1.8,0.581,1.1,2.8,3.9,1.4,0.9,0.6,0.8,4.8,8,,bowenbr01
279,Bruce Bowen,28,PHI,SF,42,0,311,3,8.5,0.356,0.1,0.2,0.5,2.9,8.2,0.352,0.363,0.7,1.4,0.5,1.6,2.5,4.2,1.9,1,0.6,0.6,4.3,6.8,,bowenbr01
280,Bruce Bowen,28,MIA,SF,27,2,567,2.9,7.7,0.38,1.7,3.6,0.464,1.3,4.1,0.308,0.488,1.2,2,0.613,0.8,3,3.8,1.1,0.9,0.6,0.9,5.1,8.7,,bowenbr01
281,Corey Benjamin,21,CHI,SG,48,10,862,6.1,14.6,0.414,1.3,3.7,0.348,4.8,10.9,0.437,0.459,2,3.4,0.598,0.9,2.8,3.7,2.3,1.3,0.9,3.1,5.1,15.5,,benjaco01
282,Roshown McLeod,24,ATL,SF,44,20,860,5.5,13.9,0.395,0.1,0.5,0.154,5.4,13.4,0.404,0.398,2.3,2.9,0.771,1.7,4.1,5.8,2.2,0.7,0.2,2.5,3.5,13.3,,mcleoro01
283,Jermaine O'Neal,21,POR,C,70,8,859,4.5,9.3,0.486,0,0,0,4.5,9.3,0.489,0.486,2.4,4.1,0.582,4.1,5.5,9.6,0.8,0.5,2.3,2,5.3,11.4,,onealje01
284,Danny Fortson,23,BOS,PF,55,5,856,5.9,11.1,0.528,0,0,,5.9,11.1,0.528,0.528,5.8,7.9,0.735,5.9,9.5,15.4,1.2,0.8,0.2,2.8,7.6,17.6,,fortsda01
285,Al Harrington,19,IND,PF,50,0,854,5.1,11.1,0.458,0.3,1.4,0.235,4.8,9.7,0.491,0.473,3.3,4.7,0.703,2,4.7,6.7,1.6,1.1,0.4,2.7,5.5,13.8,,harrial01
286,Fred Hoiberg,27,CHI,SG,31,11,845,3.8,9.8,0.387,1.4,4,0.34,2.4,5.8,0.419,0.457,2.9,3.2,0.908,0.3,4.4,4.7,3.6,1.7,0.1,1.8,2.8,11.9,,hoibefr01
287,Bobby Phills,30,CHH,SG,28,9,825,6.6,14.6,0.454,1.3,4,0.33,5.3,10.6,0.5,0.499,2.1,2.8,0.723,0.7,2.4,3.1,3.4,1.8,0.3,2.1,3.1,16.6,,phillbo01
288,Keith Closs,23,LAC,C,57,6,820,4.2,8.6,0.487,0,0.1,0,4.2,8.5,0.495,0.487,2,3.4,0.59,2.9,5,7.9,1.1,0.6,3.2,1.5,3.5,10.4,,closske01
289,Cherokee Parks,27,VAN,C,56,14,808,3.2,6.5,0.497,0,0,0,3.2,6.4,0.5,0.497,1.1,1.6,0.649,2.5,5.7,8.2,1.6,1.3,2,1.2,5.1,7.5,,parksch02
290,Elliot Perry,30,NJN,PG,60,5,803,5.7,13.2,0.435,0.5,1.7,0.282,5.2,11.4,0.459,0.454,2.2,2.8,0.806,0.6,2.2,2.7,6.2,1.7,0,2.7,2.1,14.2,,perryel01
291,John Wallace,25,NYK,SF,60,0,798,7,15,0.467,0,0.1,0,7,14.8,0.471,0.467,3.7,4.6,0.804,1.9,4.2,6.1,1,0.5,0.6,2.8,4.6,17.7,,wallajo01
292,Darvin Ham,26,MIL,SF,35,21,792,3.2,5.8,0.555,0,0,0,3.2,5.8,0.559,0.555,1.6,3.5,0.449,3.9,4,7.8,1.9,1.3,1.3,1.3,4.6,8,,hamda01
293,Armen Gilliam,35,UTA,PF,50,0,782,6.1,14,0.436,0,0,0,6.1,14,0.438,0.436,3.1,4,0.779,3.3,6.3,9.6,1.9,0.6,0.7,2.5,3.8,15.3,,gilliar01
294,Felipe López,25,VAN,SG,65,0,781,5.1,12,0.425,0.1,0.8,0.167,5,11.2,0.444,0.431,3.1,5,0.615,2.7,3,5.7,2,1.5,0.8,2.4,4.3,13.5,,lopezfe01
295,Alvin Williams,25,TOR,PG,55,28,779,5.3,13.3,0.397,0.7,2.5,0.291,4.5,10.7,0.422,0.425,2.2,3,0.738,1.2,2.7,3.9,5.8,1.6,0.5,2.2,3.6,13.5,,willial02
296,Otis Thorpe,37,MIA,PF,51,1,777,5.8,11.3,0.514,0,0.1,0,5.8,11.1,0.521,0.514,1.3,2.2,0.604,2.6,5.1,7.7,1.5,1.2,0.4,2.7,6.3,12.9,,thorpot01
297,Brian Skinner,23,LAC,PF,33,9,775,3.2,6.2,0.507,0,0,,3.2,6.2,0.507,0.507,2,3,0.662,2.9,6.4,9.3,0.5,0.7,2,1.7,3.5,8.3,,skinnbr01
298,Jelani McCoy,22,SEA,C,58,2,746,4.9,8.5,0.576,0,0,,4.9,8.5,0.576,0.576,2.2,4.4,0.495,2.6,6,8.6,1.2,0.7,2.2,2.2,6.1,12,,mccoyje01
299,Greg Foster,31,SEA,PF,60,5,718,4.6,11.2,0.406,0.2,0.8,0.2,4.4,10.5,0.421,0.413,0.9,1.4,0.643,0.8,4.6,5.4,2.1,0.5,0.9,1.4,5.3,10.2,,fostegr01
300,Emanual Davis,31,SEA,PG,54,2,701,4.1,11.3,0.364,1.6,5.3,0.301,2.5,6,0.419,0.434,1.3,2,0.684,0.8,4.4,5.1,3.6,2,0.3,2.3,3.7,11.1,,davisem01
301,Eric Murdock,31,LAC,PG,40,15,693,4.1,10.6,0.385,0.8,2.2,0.381,3.3,8.5,0.387,0.424,2.6,4.2,0.638,0.8,3.2,4,5.6,2.4,0.3,3,3.5,11.7,,murdoer01
302,Stacey Augmon,31,POR,SG,59,0,692,4.3,9.1,0.474,0,0.1,0,4.3,9,0.48,0.474,1.9,2.9,0.673,2.2,3.8,6,2.8,1.4,0.6,2,3.6,10.6,,augmost01
303,Bryant Stith,29,DEN,SG,45,6,691,4.5,9.8,0.455,0.9,2.9,0.304,3.6,6.9,0.519,0.5,3.3,4,0.831,1.2,3.2,4.4,3.2,0.9,0.6,1.7,2.9,13.2,,stithbr01
304,Tony Delk,26,SAC,PG,46,1,682,6.3,14.7,0.43,0.5,2.1,0.225,5.9,12.6,0.464,0.446,2.5,3.1,0.797,1.9,2.7,4.6,2.9,1.8,0.3,1.7,3.1,15.6,,delkto01
305,Sam Jacobson,24,2TM,PG,52,5,681,5.7,11.2,0.509,0.5,1.3,0.375,5.2,9.9,0.527,0.531,1.6,2.2,0.732,1.3,2.4,3.8,1.7,1.6,0.2,1.7,6,13.5,,jacobsa01
306,Sam Jacobson,24,LAL,PG,3,0,18,10,18,0.556,0,0,,10,18,0.556,0.556,0,4,0,0,2,2,4,2,0,4,2,20,,jacobsa01
307,Sam Jacobson,24,GSW,PG,49,5,663,5.6,11,0.507,0.5,1.3,0.375,5.1,9.7,0.525,0.53,1.6,2.1,0.769,1.4,2.4,3.8,1.6,1.6,0.2,1.7,6.1,13.3,,jacobsa01
308,Dee Brown,31,TOR,PG,38,12,673,5,13.8,0.36,3.6,10,0.358,1.4,3.8,0.366,0.49,0.6,0.9,0.688,0.5,2.4,2.9,4.6,1.3,0.3,2.1,3.3,14.1,,brownde01
309,Chris Crawford,24,ATL,PF,55,11,668,4.9,12.3,0.397,0.4,1.5,0.259,4.5,10.9,0.416,0.413,3.4,4.4,0.778,2.7,2.6,5.3,1.8,0.9,0.9,2,4.5,13.6,,crawfch01
310,Robert Pack,30,DAL,PG,29,22,665,5.2,12.5,0.417,0.2,0.6,0.364,5,11.9,0.42,0.426,3.4,4.2,0.808,0.4,1.9,2.3,9.1,1.7,0.2,4.1,2.4,14,,packro01
311,Mark Strickland,29,MIA,SF,58,5,663,6.6,12.2,0.545,0,0,,6.6,12.2,0.545,0.545,2.2,3,0.714,2.4,5.2,7.6,1.2,0.8,1,1.3,3.7,15.4,,stricma01
312,Charles Jones,24,LAC,PG,56,0,662,3.6,10.9,0.328,2.1,6.4,0.331,1.5,4.5,0.325,0.425,0.9,1.3,0.739,0.9,2.4,3.4,5.1,1.6,0.3,1.5,2.5,10.2,,jonesch03
313,Jud Buechler,31,DET,SF,58,5,657,3,8.5,0.353,1,4.5,0.217,2,4,0.507,0.41,0.1,0.4,0.286,1.6,3.3,5,1.8,1.4,0.9,0.7,2.7,7.1,,buechju01
314,Chris Mills,30,GSW,SF,20,11,649,6.8,16.2,0.421,0.4,1.7,0.267,6.4,14.5,0.439,0.435,3.8,4.7,0.81,2.6,4.3,6.8,2.6,1,0.2,1.4,3.3,17.9,,millsch01
315,Anthony Johnson,25,2TM,PG,56,6,637,3.5,9.3,0.378,0.1,0.6,0.182,3.4,8.6,0.392,0.384,1.6,2.2,0.718,1.2,1.7,2.9,4.1,1.9,0.2,1.8,3.3,8.7,,johnsan02
316,Anthony Johnson,25,ATL,PG,38,2,423,3.1,8.8,0.35,0.1,0.5,0.167,3,8.3,0.361,0.354,1.6,2,0.792,1.3,2,3.3,5,2,0.2,2,3.5,7.8,,johnsan02
317,Anthony Johnson,25,ORL,PG,18,4,214,4.4,10.3,0.426,0.2,0.8,0.2,4.2,9.4,0.446,0.434,1.5,2.5,0.6,1,1,2,2.2,1.7,0.3,1.3,2.9,10.4,,johnsan02
318,Derrick McKey,33,IND,SF,32,0,634,2.4,6.1,0.398,0.6,1.3,0.435,1.9,4.8,0.388,0.444,2.4,3.2,0.768,1.6,6,7.7,2,1.6,0.7,1.1,4.6,7.9,,mckeyde01
319,Charles Barkley,36,HOU,PF,20,18,620,6.2,12.9,0.477,0.3,1.5,0.231,5.8,11.4,0.51,0.491,4.1,6.4,0.645,4.1,8,12.1,3.7,0.8,0.2,2.6,2.8,16.8,,barklch01
320,Damon Jones,23,2TM,PG,55,1,612,4.7,12.2,0.385,2.4,6.7,0.36,2.3,5.5,0.415,0.483,1.9,2.8,0.667,0.7,2.5,3.2,5.6,1.1,0.1,2.4,2,13.7,,jonesda01
321,Damon Jones,23,GSW,PG,13,1,196,4.6,9.9,0.463,2,4.2,0.478,2.6,5.7,0.452,0.565,1.3,1.7,0.778,0,2.9,2.9,7.2,1.1,0,2.8,2.4,12.5,,jonesda01
322,Damon Jones,23,DAL,PG,42,0,416,4.8,13.3,0.357,2.6,7.9,0.33,2.2,5.5,0.397,0.455,2.2,3.4,0.641,1,2.3,3.4,4.9,1,0.1,2.2,1.8,14.3,,jonesda01
323,Adam Keefe,29,UTA,C,62,3,604,3.2,7.7,0.408,0,0.1,0,3.2,7.7,0.411,0.408,1.7,2.1,0.806,2.7,5.4,8.1,2,1,0.8,2.7,5.4,8,,keefead01
324,Dean Garrett,33,MIN,C,56,23,604,2.9,6.4,0.444,0,0,,2.9,6.4,0.444,0.444,1.1,1.5,0.692,2.4,5.9,8.3,1.1,0.5,2.4,1.3,5.6,6.8,,garrede01
325,J.R. Reid,31,MIL,PF,34,7,602,3.2,7.6,0.417,0.1,0.4,0.143,3.1,7.2,0.433,0.421,2.6,3.3,0.768,1.7,5.3,7,1.1,1.1,0.3,1.2,4.8,9,,reidjr01
326,Pete Chilcutt,31,3TM,PF,56,2,601,3.2,7.6,0.417,0.4,1.6,0.231,2.8,6,0.465,0.441,0.5,0.5,1,2.8,5.1,7.8,1.6,0.9,0.6,1.2,4.4,7.2,,chilcpe01
327,Pete Chilcutt,31,UTA,PF,26,0,224,3.5,10,0.355,0.2,1.6,0.1,3.4,8.4,0.404,0.363,0.3,0.3,1,2.4,4.5,6.9,1.6,0.8,0.6,1.4,5,7.6,,chilcpe01
328,Pete Chilcutt,31,CLE,PF,6,0,30,0,2.4,0,0,0,,0,2.4,0,0,0,0,,4.8,6,10.8,1.2,0,0,0,3.6,0,,chilcpe01
329,Pete Chilcutt,31,LAC,PF,24,2,347,3.2,6.5,0.492,0.5,1.7,0.313,2.7,4.9,0.553,0.532,0.6,0.6,1,2.8,5.4,8.2,1.7,1,0.6,1.1,4,7.6,,chilcpe01
330,Chris Herren,24,DEN,PG,45,1,597,2.7,7.5,0.363,1.4,4,0.358,1.3,3.4,0.368,0.46,1.6,2.4,0.675,0.7,2.4,3.1,6.7,0.9,0.1,2.5,4.5,8.5,,herrech01
331,Jeff McInnis,25,LAC,PG,25,10,597,4.8,11.2,0.43,0.4,1.3,0.333,4.4,9.9,0.442,0.449,0.8,1,0.765,1.1,3.3,4.3,5.4,0.9,0.1,1.6,3.3,10.9,,mcinnje01
332,Ryan Bowen,24,DEN,SF,52,0,589,2.8,7.2,0.393,0.1,0.6,0.111,2.8,6.6,0.417,0.397,2.3,3.2,0.717,4.6,2.4,7,1.2,2.4,0.8,0.9,5.8,8,,bowenry01
333,B.J. Armstrong,32,CHI,PG,27,18,583,5.1,11.5,0.446,0.8,1.8,0.448,4.3,9.7,0.446,0.481,1.4,1.5,0.88,0.1,2.8,2.9,4.8,0.4,0.1,2.5,2.1,12.4,,armstbj01
334,Chris Mullin,36,IND,SG,47,2,582,4.9,11.6,0.428,2.8,6.8,0.409,2.2,4.8,0.455,0.548,2.3,2.5,0.902,0.9,3.8,4.7,2.3,1.7,0.6,1.7,3.7,15,,mullich01
335,Doug West,32,VAN,SG,38,0,581,3.7,9,0.407,0,0.2,0,3.7,8.8,0.415,0.407,2.1,2.5,0.85,1.1,3.3,4.4,2.7,0.7,0.5,1.2,5,9.4,,westdo01
336,Ricky Davis,20,CHH,SG,48,4,570,5.9,11.8,0.503,0,0.3,0,5.9,11.6,0.514,0.503,2.5,3.2,0.765,1.8,3.4,5.2,3.9,1.9,0.5,2.9,2.5,14.3,,davisri01
337,Dale Ellis,39,2TM,SG,42,5,564,4.2,10.1,0.415,2.4,6.4,0.37,1.9,3.8,0.492,0.531,0.6,0.8,0.692,0.8,2.7,3.6,0.9,0.8,0,1.3,2.9,11.4,,ellisda01
338,Dale Ellis,39,MIL,SG,18,0,324,5.2,11.2,0.465,2.6,7.2,0.354,2.7,4,0.667,0.579,0.7,1,0.667,0.8,3,3.8,0.7,0.7,0,0.8,2.6,13.7,,ellisda01
339,Dale Ellis,39,CHH,SG,24,5,240,2.8,8.7,0.328,2.1,5.2,0.4,0.7,3.4,0.217,0.448,0.5,0.6,0.75,0.9,2.4,3.3,1.2,1,0,1.9,3.3,8.2,,ellisda01
340,Todd MacCulloch,24,PHI,C,56,6,528,6.1,11,0.553,0,0,,6.1,11,0.553,0.553,1.9,3.7,0.519,3.3,6.7,10,0.9,0.7,2.5,1.8,6.4,14,,maccuto01
341,Shammond Williams,24,SEA,PG,43,5,517,5.8,15.7,0.373,1.7,5.6,0.296,4.2,10,0.417,0.427,2.3,3.6,0.647,0.8,2.8,3.6,5.4,1.3,0,2.8,2.7,15.7,,willish01
342,Dedric Willoughby,25,CHI,PG,25,1,508,4.3,12.7,0.341,2.1,6.9,0.296,2.3,5.7,0.395,0.422,2.8,3.6,0.765,0.8,2.8,3.6,4.7,1.6,0.1,2.6,2.3,13.5,,willode01
343,Moochie Norris,26,HOU,PG,30,0,502,4.9,11.4,0.434,0.9,2.1,0.414,4.1,9.3,0.438,0.472,4.1,5.2,0.781,1.1,3.7,4.9,6.7,1.6,0.1,2.2,2.3,14.8,,norrimo01
344,Don Reid,26,2TM,PF,38,3,498,4.3,8.1,0.536,0,0,,4.3,8.1,0.536,0.536,1.7,2.5,0.706,2.2,5.1,7.4,0.8,1.7,2.2,1.7,8.5,10.4,,reiddo01
345,Don Reid,26,DET,PF,21,3,165,3.5,7.4,0.471,0,0,,3.5,7.4,0.471,0.471,0.7,1.3,0.5,1.1,4.4,5.5,0.2,1.1,2.6,2.4,9.8,7.6,,reiddo01
346,Don Reid,26,WAS,PF,17,0,333,4.8,8.4,0.564,0,0,,4.8,8.4,0.564,0.564,2.3,3,0.75,2.8,5.5,8.3,1.1,2.1,2.1,1.3,7.9,11.8,,reiddo01
347,Erick Dampier,24,GSW,C,21,12,495,5.1,12.6,0.405,0,0,,5.1,12.6,0.405,0.405,2,3.7,0.529,3.5,6.3,9.7,1.4,0.6,1.1,2.1,5.5,12.1,,dampier01
348,Mikki Moore,24,DET,C,29,0,488,6.4,10.3,0.621,0,0,,6.4,10.3,0.621,0.621,4,5,0.794,3.2,5,8.3,1.3,0.7,2.3,1.7,7.7,16.8,,mooremi01
349,William Avery,20,MIN,PG,59,1,484,4.2,13.5,0.309,1.3,4.7,0.286,2.8,8.8,0.322,0.359,1.8,2.7,0.667,0.6,2.4,3,6.5,1,0.1,3.1,4.5,11.5,,averywi01
350,John Thomas,24,TOR,C,55,6,477,3.7,8.1,0.458,0,0.1,0,3.7,8,0.462,0.458,1.2,3.1,0.39,2.8,2.9,5.7,0.7,0.9,1.1,1.1,8,8.6,,thomajo02
351,Anthony Miller,28,HOU,PF,35,14,476,3.9,7.3,0.536,0,0,,3.9,7.3,0.536,0.536,2,3.9,0.51,3.7,8.7,12.4,1.2,0.8,0.8,1.4,5.1,9.8,,millean01
352,Kornél Dávid,28,2TM,SF,32,5,474,5.1,11.9,0.427,0,0.2,0,5.1,11.7,0.435,0.427,3.4,4.3,0.804,2,4.2,6.2,1.3,1.3,0.2,2.5,4.3,13.6,,davidko01
353,Kornél Dávid,28,CHI,SF,26,5,443,5.1,12,0.426,0,0.2,0,5.1,11.8,0.434,0.426,3.4,4.2,0.808,1.8,4.1,5.9,1.3,1.1,0.2,2.5,4,13.7,,davidko01
354,Kornél Dávid,28,CLE,SF,6,0,31,4.6,10.5,0.444,0,0,,4.6,10.5,0.444,0.444,3.5,4.6,0.75,4.6,4.6,9.3,1.2,4.6,1.2,2.3,8.1,12.8,,davidko01
355,Mark Davis,26,GSW,SF,23,7,464,4.3,10.6,0.409,0,0.2,0,4.3,10.5,0.415,0.409,2.4,3.6,0.66,2.4,4.1,6.5,2.9,1.9,0.3,3.1,4,11.1,,davisma02
356,Chris Dudley,34,NYK,C,47,3,459,1.8,5.3,0.343,0,0,,1.8,5.3,0.343,0.343,0.7,2.1,0.333,4.9,5.7,10.7,0.4,0.5,1.6,1.4,7.5,4.3,,dudlech02
357,Toby Bailey,24,PHO,SG,46,2,449,4.7,11.2,0.414,0.2,0.8,0.2,4.5,10.4,0.431,0.421,3.6,5.2,0.692,2.1,3.7,5.8,2.4,1,0.3,1.9,4.4,13.1,,baileto01
358,Robert Traylor,22,MIL,PF,44,16,447,4.7,9.8,0.475,0,0.3,0,4.7,9.5,0.492,0.475,3.3,5.5,0.603,4,5.2,9.3,1.6,2,2,2.2,6.4,12.6,,traylro01
359,Corie Blount,31,PHO,PF,38,1,446,3.6,7.2,0.494,0,0.2,0,3.6,7,0.506,0.494,1.5,2.7,0.576,4.2,4.9,9.1,0.8,1.2,0.6,2.3,6.3,8.6,,blounco01
360,Dion Glover,21,ATL,SG,30,1,446,5.3,13.8,0.386,1,3.6,0.267,4.4,10.2,0.429,0.421,4.1,5.7,0.729,1.2,1.9,3.1,2.2,1.2,0.3,2.3,2.3,15.7,,glovedi01
361,Doug Overton,30,BOS,PG,48,0,432,5.1,12.8,0.396,0.8,2.3,0.357,4.2,10.5,0.405,0.429,1.7,1.7,0.952,1.2,1.6,2.7,4.4,0.8,0,1.7,3.8,12.7,,overtdo01
362,Scott Padgett,23,UTA,PF,47,9,432,3.7,11.7,0.314,1.1,3.7,0.295,2.6,8,0.323,0.361,1.6,2.3,0.704,2,5.3,7.3,2.1,1.2,0.7,1.8,4.6,10,,padgesc01
363,Brent Price,31,VAN,PG,41,0,424,3.5,10.1,0.345,2.1,5.8,0.368,1.4,4.3,0.314,0.45,2.9,3.3,0.872,0.7,2.5,3.1,5.9,1.4,0.1,4,5.3,12,,pricebr01
364,Cal Bowdler,22,ATL,SF,46,0,423,4.2,9.8,0.426,0,0.1,0,4.2,9.7,0.43,0.426,2,3.2,0.632,1.9,5.4,7.2,1.2,1.2,0.8,1.8,3.9,10.4,,bowdlca01
365,Travis Knight,25,LAL,C,63,0,410,4,10.4,0.39,0,0,,4,10.4,0.39,0.39,1.5,2.5,0.607,4,7.3,11.3,2,0.5,2,2.3,7.7,9.6,,knightr01
366,Todd Fuller,25,CHH,C,41,2,399,4.6,11,0.418,0,0,,4.6,11,0.418,0.418,2.9,4.8,0.604,3.2,6.7,9.9,0.5,0.8,0.7,2.4,4.2,12.1,,fulleto02
367,Terry Cummings,38,GSW,PF,22,0,398,6.9,16,0.429,0,0,,6.9,16,0.429,0.429,2.9,3.5,0.821,4.1,5.6,9.7,1.9,1.2,0.7,2.4,6.7,16.6,,cummite01
368,Milt Palacio,21,VAN,PG,53,0,394,3.9,9,0.439,0,0.2,0,3.9,8.8,0.448,0.439,2,3.4,0.595,1.6,3.1,4.7,4.4,1.8,0,4,2.9,9.9,,palacmi01
369,Sean Elliott,31,SAS,SF,19,19,391,3.5,9.8,0.358,1.2,3.4,0.351,2.3,6.4,0.362,0.42,2.3,2.9,0.781,0.6,3.8,4.3,2.6,1.1,0.2,1.7,3.1,10.5,,elliose01
370,Michael Stewart,24,TOR,C,42,1,389,1.9,4.9,0.377,0,0,,1.9,4.9,0.377,0.377,1.7,3,0.563,3.1,5.6,8.7,0.6,0.5,1.8,1.6,7.5,5.4,,stewami01
371,Rex Walters,29,MIA,PG,33,0,389,3.5,8.4,0.418,0.5,1.9,0.25,3.1,6.6,0.465,0.445,1.1,1.5,0.75,0.7,2.6,3.3,6,0.6,0,2.7,4.1,8.6,,waltere01
372,Dennis Rodman,38,DAL,PF,12,12,389,1.1,2.9,0.387,0,0.1,0,1.1,2.8,0.4,0.387,0.9,1.3,0.714,4.4,11.4,15.8,1.3,0.2,0.1,1.8,3.8,3.1,,rodmade01
373,Rodney Buford,22,MIA,SG,34,0,386,5.8,14.1,0.411,0.7,2.7,0.241,5.1,11.4,0.451,0.434,1.5,2.1,0.727,0.9,3.5,4.5,2,0.9,0.7,0.8,4.1,13.7,,buforro01
374,Anthony Avent,30,LAC,PF,49,3,377,2.8,9.2,0.302,0,0,,2.8,9.2,0.302,0.302,2.2,3.1,0.719,2.2,4.9,7.1,1.1,1.5,1.4,2.3,5.9,7.7,,aventan01
375,Evan Eschmeyer,24,NJN,C,31,5,373,3.7,6.9,0.528,0,0,,3.7,6.9,0.528,0.528,1.4,2.9,0.5,3.9,6.6,10.4,2,0.8,2,2,8.1,8.8,,eschmev01
376,Tom Hammonds,32,MIN,PF,56,0,372,4.1,9.4,0.433,0,0,,4.1,9.4,0.433,0.433,3.2,5.4,0.589,3.3,6.5,9.8,1,0.8,0.3,2,5.3,11.3,,hammoto01
377,Rafer Alston,23,MIL,PG,27,0,361,2.7,9.5,0.284,0.3,1.4,0.214,2.4,8.1,0.296,0.3,0.3,0.4,0.75,0.5,1.8,2.3,7,1.2,0,2.9,2.9,6,,alstora01
378,Roy Rogers,26,DEN,PF,40,0,355,3.5,8.9,0.398,0,0.1,0,3.5,8.8,0.402,0.398,1.9,4.2,0.463,3.3,4.8,8.1,0.9,0.2,3.9,1,3.7,9,,rogerro02
379,Obinna Ekezie,24,VAN,PF,39,0,351,4.2,9,0.466,0,0,,4.2,9,0.466,0.466,4.4,6.6,0.672,3.5,5.9,9.4,0.8,0.9,0.4,2.7,6.3,12.8,,ekeziob01
380,Haywoode Workman,34,2TM,PG,36,2,350,3.2,9.3,0.344,1.4,4.4,0.326,1.7,4.8,0.362,0.422,1,1.5,0.667,0.1,2.6,2.7,6.3,2.1,0,1.9,3.8,8.8,,workmha01
381,Haywoode Workman,34,MIL,PG,23,1,248,3.3,9,0.371,1.6,4.2,0.379,1.7,4.8,0.364,0.46,1.3,1.9,0.692,0.1,2.3,2.5,6.4,1.6,0,2,3.3,9.6,,workmha01
382,Haywoode Workman,34,TOR,PG,13,1,102,2.8,9.9,0.286,1.1,4.9,0.214,1.8,4.9,0.357,0.339,0.4,0.7,0.5,0,3.2,3.2,6,3.2,0,1.4,4.9,7.1,,workmha01
383,Devean George,22,LAL,SF,49,1,345,5.8,15,0.389,1.7,4.9,0.34,4.2,10.1,0.412,0.444,2.8,4.3,0.659,3,4.8,7.8,1.3,1,0.4,2.2,5.6,16.2,,georgde01
384,Chuck Person,35,SEA,SF,37,0,340,3.9,13,0.301,2.5,10.1,0.253,1.4,3,0.464,0.398,0.4,0.8,0.5,0.6,5,5.6,2.3,0.5,0.2,1.3,5.9,10.8,,persoch01
385,Sam Mack,29,GSW,SF,23,5,333,4,13.2,0.303,2.3,6.9,0.328,1.7,6.3,0.276,0.389,2.1,2.2,0.95,0.8,3.5,4.2,2.6,1.9,0.1,2.1,4.9,12.3,,macksa01
386,Eric Montross,28,DET,C,51,0,332,1.8,6,0.309,0,0,,1.8,6,0.309,0.309,0.7,1.3,0.5,2,5.9,7.8,0.8,0.7,1,2.4,8.8,4.3,,montrer01
387,Popeye Jones,29,DEN,PF,40,1,330,4.8,11.3,0.423,0.2,0.3,0.667,4.6,11,0.416,0.433,1.5,2.1,0.737,4.5,6.8,11.2,2.1,0.3,0.7,1.4,5.5,11.3,,jonespo01
388,Cory Alexander,26,DEN,PG,29,2,329,3.1,10.7,0.286,1,3.8,0.257,2.1,6.9,0.302,0.332,1.9,2.4,0.773,0.9,3.7,4.6,6.3,2.6,0.2,3.1,4.3,9,,alexaco01
389,Sherman Douglas,33,NJN,PG,20,2,309,5.2,10.5,0.5,0.6,1.9,0.313,4.7,8.6,0.541,0.528,2.9,3.3,0.893,1.5,1.9,3.4,4,2,0,2.8,3,14,,douglsh01
390,Bill Curley,27,2TM,SF,28,0,309,3.4,7.9,0.426,0,0.1,0,3.4,7.8,0.433,0.426,2.1,2.9,0.72,2.1,3.7,5.8,1.6,1.5,0.5,2.4,7.1,8.9,,curlebi01
391,Bill Curley,27,HOU,PF,4,0,50,4.3,7.9,0.545,0,0,,4.3,7.9,0.545,0.545,0,0,,2.9,2.9,5.8,0,1.4,0,2.9,7.2,8.6,,curlebi01
392,Bill Curley,27,GSW,SF,24,0,259,3.2,7.9,0.404,0,0.1,0,3.2,7.8,0.411,0.404,2.5,3.5,0.72,1.9,3.9,5.8,1.9,1.5,0.6,2.4,7.1,8.9,,curlebi01
393,Chauncey Billups,23,DEN,SG,13,5,305,4,11.9,0.337,0.8,4.8,0.171,3.2,7.1,0.45,0.371,4.4,5.2,0.841,0.9,3.1,4,4.6,1.2,0.2,2.8,3.2,13.2,,billuch01
394,John Salley,35,LAL,C,45,3,303,3,8.2,0.362,0,0,,3,8.2,0.362,0.362,2.5,3.3,0.75,2.4,5.3,7.7,3.1,1,1.7,2.1,8,8.4,,sallejo01
395,Gary Trent,25,DAL,SF,11,11,301,8.4,17,0.493,0,0.2,0,8.4,16.7,0.5,0.493,1.3,2.5,0.524,2.4,3.8,6.2,2.6,1,0.4,3,3.3,18.1,,trentga01
396,Loy Vaught,31,DET,PF,43,0,292,3.9,11,0.36,0,0.4,0,3.9,10.6,0.372,0.36,1.4,2,0.688,3.2,8,11.2,1.4,0.7,0.5,1.4,5.5,9.2,,vaughlo01
397,Kevin Ollie,27,PHI,PG,40,0,290,2.7,6.1,0.449,0,0,,2.7,6.1,0.449,0.449,3.5,4.6,0.757,0.5,3.4,3.8,5.7,1.2,0,1.2,3.4,8.9,,ollieke01
398,Rick Brunson,27,NYK,PG,37,0,289,3.6,8.7,0.414,0.2,1.6,0.154,3.4,7.1,0.474,0.429,1.4,2.2,0.611,0.4,3,3.4,6.1,1.1,0.1,3.9,4.4,8.8,,brunsri01
399,Tim Legler,33,GSW,SG,23,4,284,3.5,9.9,0.359,0.9,2.7,0.333,2.7,7.2,0.368,0.404,1.8,2.3,0.778,0.5,2.4,2.9,3,0.5,0.1,0.8,4.2,9.8,,legleti01
400,Thomas Hamilton,24,HOU,C,22,7,273,4.6,10.4,0.443,0,0,,4.6,10.4,0.443,0.443,1.6,3,0.522,4.1,7.8,11.9,2,0.5,1.8,3.7,3.3,10.8,,hamilth01
401,Pervis Ellison,32,BOS,C,30,5,269,2.5,5.8,0.442,0,0,,2.5,5.8,0.442,0.442,2,2.8,0.714,3.9,5.1,9,1.7,1.3,1.1,1.7,9,7.1,,ellispe01
402,Steve Kerr,34,SAS,PG,32,0,268,4.3,9.9,0.432,2.1,4.2,0.516,2.1,5.8,0.372,0.541,1.2,1.5,0.818,0.4,2.1,2.6,1.6,0.5,0,0.9,1.9,12,,kerrst01
403,Gheorghe Mureșan,28,NJN,C,30,2,267,5.5,12.1,0.456,0,0,,5.5,12.1,0.456,0.456,3.1,5.1,0.605,3.2,5.9,9.2,1.2,0,1.6,2.2,7,14.2,,muresgh01
404,Earl Boykins,23,2TM,PG,26,0,261,7.7,16,0.483,1.1,2.8,0.4,6.6,13.2,0.5,0.517,2.5,3.2,0.783,1.7,1.9,3.6,6.6,1.7,0.1,2.3,3.2,19,,boykiea01
405,Earl Boykins,23,ORL,PG,1,0,8,13.5,18,0.75,0,0,,13.5,18,0.75,0.75,0,0,,4.5,0,4.5,13.5,0,0,0,0,27,,boykiea01
406,Earl Boykins,23,CLE,PG,25,0,253,7.5,15.9,0.473,1.1,2.8,0.4,6.4,13.1,0.489,0.509,2.6,3.3,0.783,1.6,2,3.6,6.4,1.7,0.1,2.4,3.3,18.8,,boykiea01
407,Andrew Lang,33,NYK,C,19,10,244,4.1,9.4,0.438,0,0,,4.1,9.4,0.438,0.438,0.4,1,0.429,2.4,6.5,8.9,0.4,1.2,0.9,0.7,4.6,8.7,,langan01
408,Reggie Jordan,32,WAS,PG,36,0,243,2.5,7.9,0.321,0,0.1,0,2.5,7.7,0.327,0.321,1,1.9,0.538,2.4,3.7,6.1,4.7,1.8,0.3,2.8,4.3,6.1,,jordare01
409,Michael Cage,38,NJN,C,20,7,242,1.8,3.6,0.5,0,0,,1.8,3.6,0.5,0.5,0.4,0.4,1,4.9,7.1,12,1.3,1.2,1.2,0.6,4.5,4,,cagemi01
410,Laron Profit,22,WAS,SG,33,1,225,3.4,9.4,0.356,0.5,2.7,0.176,2.9,6.7,0.429,0.381,0.6,1.6,0.4,0.3,3.8,4.2,4,1.1,0.6,3,4.2,7.8,,profila01
411,Rick Hughes,26,DAL,PF,21,0,224,5.6,11.6,0.486,0,0.2,0,5.6,11.4,0.493,0.486,1.9,4.2,0.462,3.9,4,7.9,1.4,0.5,0.2,2.3,4.8,13.2,,hugheri02
412,Antoine Carr,38,VAN,SF,21,0,221,4.6,10.4,0.438,0,0,,4.6,10.4,0.438,0.438,1.8,2.3,0.786,1.3,3.9,5.2,1.1,0.5,1,1.5,6.8,10.9,,carran01
413,Vladimir Stepania,23,SEA,C,30,1,202,5.2,14.1,0.367,0,1.1,0,5.2,13,0.397,0.367,3,6.4,0.472,3.7,4.6,8.4,0.5,1.8,2,3.9,7.8,13.4,,stepavl01
414,Ryan Stack,24,CLE,PF,25,0,198,3.1,9.3,0.333,0,0.2,0,3.1,9.1,0.34,0.333,3.3,4.9,0.667,2.7,5.5,8.2,0.9,0.7,2,3.1,8.5,9.5,,stackry01
415,Nazr Mohammed,22,PHI,C,28,3,190,4,10.2,0.389,0,0,,4,10.2,0.389,0.389,2.3,4.2,0.545,3,6.4,9.5,0.4,0.8,2.3,3.4,5.5,10.2,,mohamna01
416,Duane Causwell,31,MIA,C,25,2,185,3.9,7.2,0.541,0,0,,3.9,7.2,0.541,0.541,5.1,7.4,0.684,2.1,7,9.1,0.4,0.4,3.1,1.9,8.2,12.8,,causwdu01
417,John Celestand,22,LAL,PG,16,0,185,2.9,8.8,0.333,0.4,1.8,0.222,2.5,7,0.361,0.356,1,1.2,0.833,0.2,1.9,2.1,3.9,1.4,0,3.1,4.3,7.2,,celesjo01
418,Anthony Parker,24,ORL,SG,16,0,185,4.7,11.1,0.421,0.2,2.7,0.071,4.5,8.4,0.535,0.43,1.6,2.1,0.727,1,4.3,5.3,1.9,1.6,0.8,2.1,2.5,11.1,,parkean01
419,Joe Stephens,27,VAN,SF,13,0,181,3.8,10.1,0.373,0,1.6,0,3.8,8.6,0.442,0.373,0.6,0.8,0.75,2.6,4.6,7.2,2.2,1.4,0.6,1.2,1.8,8.2,,stephjo01
420,Lazaro Borrell,27,SEA,SF,17,6,167,6,13.6,0.444,0,0.6,0,6,12.9,0.467,0.444,1.3,2.4,0.545,3,5.6,8.6,2.2,1.3,0.6,1.3,1.9,13.4,,borrela01
421,Drew Barry,26,2TM,PG,16,0,159,3.4,7.5,0.455,1.6,4.1,0.389,1.8,3.4,0.533,0.561,0.9,1.1,0.8,0,2.7,2.7,7.5,0.5,0,2.9,5.2,9.3,,barrydr01
422,Drew Barry,26,GSW,PG,8,0,85,3.8,7.6,0.5,1.3,3.8,0.333,2.5,3.8,0.667,0.583,0.4,0.8,0.5,0,3.4,3.4,7.2,0.8,0,2.5,5.9,9.3,,barrydr01
423,Drew Barry,26,ATL,PG,8,0,74,2.9,7.3,0.4,1.9,4.4,0.444,1,2.9,0.333,0.533,1.5,1.5,1,0,1.9,1.9,7.8,0,0,3.4,4.4,9.2,,barrydr01
424,Felton Spencer,32,SAS,C,26,0,149,3.6,8,0.455,0,0,,3.6,8,0.455,0.455,4.8,7.2,0.667,3.6,5.8,9.4,0.7,1.4,1.9,2.2,7.7,12.1,,spencfe01
425,Derek Strong,31,ORL,PF,20,0,148,5.1,11.7,0.438,0.2,1,0.25,4.9,10.7,0.455,0.448,2.7,3.4,0.786,2.7,8,10.7,1,1.2,0.5,2.9,3.6,13.1,,stronde01
426,Tyronn Lue,22,LAL,PG,8,0,146,4.7,9.6,0.487,1,2,0.5,3.7,7.6,0.484,0.538,1.5,2,0.75,0.5,2.5,3,4.2,0.7,0,2.2,4.2,11.8,,luety01
427,Trajan Langdon,23,CLE,SG,10,0,145,3.7,9.9,0.375,2,4.7,0.421,1.7,5.2,0.333,0.475,2.7,2.7,1,1,2.7,3.7,2.7,1.2,0,1.5,4,12.2,,langdtr01
428,Don MacLean,30,PHO,PF,16,0,143,4.5,12.3,0.367,0.5,1.5,0.333,4,10.8,0.372,0.388,1,1.5,0.667,1.5,4.3,5.8,2,0.5,0.3,2,6,10.6,,macledo01
429,Calvin Booth,23,WAS,C,11,0,143,4,11.6,0.348,0,0,,4,11.6,0.348,0.348,2.5,3.5,0.714,3.8,4.3,8.1,1.8,0.8,3.5,1.5,5.8,10.6,,boothca01
430,Jumaine Jones,20,PHI,SF,33,0,138,5.7,15.1,0.379,0.5,1,0.5,5.2,14.1,0.37,0.397,2.9,4.7,0.611,4.2,5.7,9.9,1.3,1.6,1.3,3.7,2.6,14.9,,jonesju01
431,Tim Young,23,GSW,C,25,0,137,3.4,10.2,0.333,0,0,,3.4,10.2,0.333,0.333,7.4,9.5,0.778,3.4,5.8,9.2,1.3,0.5,0.3,2.4,4.7,14.2,,youngti01
432,Antonio Harvey,29,POR,PF,19,0,137,4.5,7.9,0.567,0,0,,4.5,7.9,0.567,0.567,1.8,3.2,0.583,2.1,6.6,8.7,1.3,0.3,1.6,3.2,5.3,10.8,,harvean01
433,Lari Ketner,22,2TM,PF,22,0,132,3.5,8.7,0.406,0,0,,3.5,8.7,0.406,0.406,2.2,3.3,0.667,3.3,6,9.3,0.3,1.1,0.8,2.7,5.5,9.3,,ketnela01
434,Lari Ketner,22,CHI,PF,6,0,41,3.5,8.8,0.4,0,0,,3.5,8.8,0.4,0.4,1.8,1.8,1,0,6.1,6.1,0.9,0.9,0.9,2.6,7,8.8,,ketnela01
435,Lari Ketner,22,CLE,PF,16,0,91,3.6,8.7,0.409,0,0,,3.6,8.7,0.409,0.409,2.4,4,0.6,4.7,5.9,10.7,0,1.2,0.8,2.8,4.7,9.5,,ketnela01
436,Jonathan Bender,19,IND,SF,24,1,130,6.4,19.4,0.329,0.6,3.3,0.167,5.8,16.1,0.362,0.343,4.4,6.6,0.667,1.1,4.7,5.8,0.8,0.3,1.4,1.9,5,17.7,,bendejo01
437,Rusty LaRue,26,CHI,PG,4,1,129,4.2,12,0.349,0.6,3.9,0.143,3.6,8.1,0.448,0.372,1.4,2,0.714,0.3,2.5,2.8,3.1,2,0,2,2.5,10.3,,larueru01
438,Mark West,39,PHO,C,22,2,127,1.4,3.4,0.417,0,0,,1.4,3.4,0.417,0.417,1.4,2.3,0.625,1.7,7.1,8.8,0.6,0.6,1.1,1.7,6.5,4.3,,westma01
439,Devin Gray,27,HOU,SF,21,2,124,4.4,10.7,0.405,0,0,,4.4,10.7,0.405,0.405,5.5,8.4,0.655,3.2,4.1,7.3,1.5,1.5,0.9,1.2,6.4,14.2,,grayde01
440,Etdrick Bohannon,26,2TM,PF,13,0,118,2.1,4,0.538,0,0,,2.1,4,0.538,0.538,4.6,7.3,0.625,4,5.5,9.5,1.5,0.6,1.8,3.1,7.6,8.8,,bohanet01
441,Etdrick Bohannon,26,NYK,PF,2,0,5,0,0,,0,0,,0,0,,,21.6,28.8,0.75,7.2,0,7.2,0,0,0,14.4,7.2,21.6,,bohanet01
442,Etdrick Bohannon,26,LAC,PF,11,0,113,2.2,4.1,0.538,0,0,,2.2,4.1,0.538,0.538,3.8,6.4,0.6,3.8,5.7,9.6,1.6,0.6,1.9,2.5,7.6,8.3,,bohanet01
443,Žan Tabak,29,IND,C,18,0,114,5.1,10.7,0.471,0,0,,5.1,10.7,0.471,0.471,1.6,2.5,0.625,5.1,5.1,10.1,1.3,0.9,2.8,3.5,4.1,11.7,,tabakza01
444,Kevin Johnson,33,PHO,PG,6,0,113,5.1,8.9,0.571,0.3,0.3,1,4.8,8.6,0.556,0.589,2.2,2.2,1,0,5.1,5.1,7.6,0.6,0,2.2,1.9,12.7,,johnske02
445,Tony Massenburg,32,HOU,PF,10,0,109,5.3,11.9,0.444,0,0,,5.3,11.9,0.444,0.444,4.6,5.3,0.875,2.3,6.6,8.9,1,0.7,1.7,3,4.3,15.2,,masseto01
446,Derrick Dial,24,SAS,SG,8,0,95,6.4,17.4,0.37,1.1,4.5,0.25,5.3,12.9,0.412,0.402,1.1,1.9,0.6,5.3,4.5,9.9,1.9,0.4,0.4,2.3,3.8,15.2,,dialde01
447,Mirsad Türkcan,23,2TM,PF,17,0,90,5.6,15.2,0.368,0,2.4,0,5.6,12.8,0.438,0.368,2,3.2,0.625,5.2,8,13.2,2,1.2,0.4,3.2,5.6,13.2,,turkcmi01
448,Mirsad Türkcan,23,NYK,PF,7,0,25,2.9,14.4,0.2,0,2.9,0,2.9,11.5,0.25,0.2,0,0,,2.9,11.5,14.4,1.4,2.9,0,1.4,5.8,5.8,,turkcmi01
449,Mirsad Türkcan,23,MIL,PF,10,0,65,6.6,15.5,0.429,0,2.2,0,6.6,13.3,0.5,0.429,2.8,4.4,0.625,6.1,6.6,12.7,2.2,0.6,0.6,3.9,5.5,16.1,,turkcmi01
450,Jeff Foster,23,IND,C,19,0,86,5.4,9.6,0.565,0,0.4,0,5.4,9.2,0.591,0.565,7.1,10.5,0.68,5,8.4,13.4,2.1,2.1,0.4,0.8,7.5,18,,fosteje01
451,Lorenzo Williams,30,WAS,PF,8,0,76,3.3,4.3,0.778,0,0,,3.3,4.3,0.778,0.778,0,0,,5.7,6.2,11.8,0.5,1.4,2.8,1.4,6.2,6.6,,willilo01
452,Harold Jamison,23,MIA,PF,12,0,74,3.4,9.7,0.35,0,0,,3.4,9.7,0.35,0.35,1.9,8.8,0.222,7.8,2.4,10.2,1.9,1,0.5,1.9,8.3,8.8,,jamisha01
453,Jermaine Jackson,23,DET,SG,7,0,73,0.5,5.4,0.091,0,0.5,0,0.5,4.9,0.1,0.091,2.5,3.9,0.625,0.5,4.9,5.4,2,1.5,0,3.5,3.5,3.5,,jacksje01
454,Mark Hendrickson,25,2TM,PF,15,0,71,2.5,4.1,0.625,0,0,,2.5,4.1,0.625,0.625,1.5,2,0.75,1.5,5.1,6.6,3,1,0.5,1.5,4.1,6.6,,hendrma01
455,Mark Hendrickson,25,CLE,PF,10,0,47,3.8,5.4,0.714,0,0,,3.8,5.4,0.714,0.714,1.5,1.5,1,1.5,6.9,8.4,2.3,1.5,0.8,2.3,5.4,9.2,,hendrma01
456,Mark Hendrickson,25,NJN,PF,5,0,24,0,1.5,0,0,0,,0,1.5,0,0,1.5,3,0.5,1.5,1.5,3,4.5,0,0,0,1.5,1.5,,hendrma01
457,Matt Harpring,23,ORL,SF,4,0,63,2.3,9.7,0.235,1.1,1.1,1,1.1,8.6,0.133,0.294,3.4,4,0.857,2.9,4,6.9,4.6,2.9,0.6,0.6,4,9.1,,harprma01
458,Bruno Šundov,19,DAL,C,14,0,61,7.1,18.3,0.387,0,0,,7.1,18.3,0.387,0.387,1.2,1.2,1,3,4.1,7.1,1.2,1.2,1.2,2.4,9.4,15.3,,sundobr01
459,A.J. Bramlett,23,CLE,C,8,0,61,2.4,12.4,0.19,0,0,,2.4,12.4,0.19,0.19,0,0,,7.1,5.9,13,0,0.6,0,1.8,7.7,4.7,,bramlaj01
460,Bill Wennington,36,SAC,C,7,0,57,3.8,12,0.316,0,0,,3.8,12,0.316,0.316,1.3,1.3,1,3.2,8.8,12,0.6,1.3,1.3,0.6,8.2,8.8,,wennibi01
461,Stanley Roberts,29,PHI,C,5,1,51,3.5,11.3,0.313,0,0.7,0,3.5,10.6,0.333,0.313,0,2.1,0,4.2,6.4,10.6,2.1,0.7,0.7,1.4,10.6,7.1,,roberst01
462,Khalid Reeves,27,CHI,PG,3,0,48,2.3,9,0.25,0,2.3,0,2.3,6.8,0.333,0.25,3.7,3.7,1,1.5,1.5,3,9.7,1.5,0,4.5,6,8.2,,reevekh01
463,Jamel Thomas,26,2TM,SF,7,0,46,6.3,14.1,0.444,0,2.3,0,6.3,11.7,0.533,0.444,0.8,0.8,1,0.8,3.1,3.9,4.7,0.8,0,3.9,1.6,13.3,,thomaja01
464,Jamel Thomas,26,BOS,SF,3,0,19,9.5,18.9,0.5,0,1.9,0,9.5,17.1,0.556,0.5,1.9,1.9,1,0,3.8,3.8,3.8,0,0,1.9,0,20.8,,thomaja01
465,Jamel Thomas,26,GSW,SF,4,0,27,4,10.7,0.375,0,2.7,0,4,8,0.5,0.375,0,0,,1.3,2.7,4,5.3,1.3,0,5.3,2.7,8,,thomaja01
466,Marcus Brown,25,DET,SG,6,0,45,3.2,11.2,0.286,0,5.6,0,3.2,5.6,0.571,0.286,1.6,1.6,1,2.4,3.2,5.6,2.4,0,0,2.4,6.4,8,,brownma01
467,Wayne Turner,23,BOS,PG,3,0,41,0.9,5.3,0.167,0,0,,0.9,5.3,0.167,0.167,1.8,5.3,0.333,0.9,1.8,2.6,4.4,0,0,2.6,3.5,3.5,,turnewa01
468,Fred Vinson,29,SEA,SG,8,0,40,4.5,15.3,0.294,1.8,6.3,0.286,2.7,9,0.3,0.353,0.9,1.8,0.5,0,0.9,0.9,0,2.7,0,3.6,1.8,11.7,,vinsofr01
469,Donny Marshall,27,CLE,SF,6,0,39,2.8,10.2,0.273,0,2.8,0,2.8,7.4,0.375,0.273,4.6,5.5,0.833,0,0.9,0.9,0,1.8,0,2.8,6.5,10.2,,marshdo02
470,Antonio Lang,27,2TM,SF,10,0,38,0.9,5.7,0.167,0,0,,0.9,5.7,0.167,0.167,3.8,4.7,0.8,0,4.7,4.7,1.9,3.8,0.9,1.9,7.6,5.7,,langan02
471,Antonio Lang,27,TOR,SF,7,0,32,0,5.6,0,0,0,,0,5.6,0,0,3.4,4.5,0.75,0,5.6,5.6,1.1,4.5,1.1,2.3,7.9,3.4,,langan02
472,Antonio Lang,27,PHI,SF,3,0,6,6,6,1,0,0,,6,6,1,1,6,6,1,0,0,0,6,0,0,0,6,18,,langan02
473,DeMarco Johnson,24,NYK,PF,5,0,37,2.9,8.8,0.333,0,0,,2.9,8.8,0.333,0.333,0,0,,2.9,3.9,6.8,0,1,0,2.9,4.9,5.8,,johnsde02
474,Michael Hawkins,27,CHH,PG,12,0,36,3,13,0.231,1,5,0.2,2,8,0.25,0.269,1,2,0.5,0,7,7,13,0,0,3,2,8,,hawkimi01
475,Johnny Taylor,25,2TM,SF,6,0,34,5.3,14.8,0.357,1.1,1.1,1,4.2,13.8,0.308,0.393,0,0,,2.1,4.2,6.4,1.1,1.1,1.1,2.1,5.3,11.6,,taylojo01
476,Johnny Taylor,25,DEN,SF,1,0,5,0,14.4,0,0,0,,0,14.4,0,0,0,0,,0,7.2,7.2,0,0,0,0,7.2,0,,taylojo01
477,Johnny Taylor,25,ORL,SF,5,0,29,6.2,14.9,0.417,1.2,1.2,1,5,13.7,0.364,0.458,0,0,,2.5,3.7,6.2,1.2,1.2,1.2,2.5,5,13.7,,taylojo01
478,David Wingate,36,NYK,SG,7,0,32,1.1,10.1,0.111,0,0,,1.1,10.1,0.111,0.111,0,0,,1.1,1.1,2.3,3.4,1.1,2.3,2.3,7.9,2.3,,wingada01
479,Joe Kleine,38,POR,C,7,0,31,4.6,12.8,0.364,0,0,,4.6,12.8,0.364,0.364,3.5,3.5,1,0,7,7,2.3,1.2,0,2.3,8.1,12.8,,kleinjo01
480,Eldridge Recasner,32,CHH,PG,7,0,28,3.9,9,0.429,1.3,5.1,0.25,2.6,3.9,0.667,0.5,0,0,,0,5.1,5.1,6.4,0,0,0,1.3,9,,recasel01
481,Ryan Robertson,23,SAC,SG,1,0,25,2.9,8.6,0.333,0,2.9,0,2.9,5.8,0.5,0.333,1.4,1.4,1,0,0,0,0,0,0,0,0,7.2,,roberry01
482,Gary Grant,34,POR,PG,3,0,24,9,21,0.429,0,0,,9,21,0.429,0.429,0,0,,0,4.5,4.5,1.5,1.5,0,3,4.5,18,,grantga01
483,Aleksandar Radojević,23,TOR,C,3,0,24,3,10.5,0.286,0,0,,3,10.5,0.286,0.286,4.5,9,0.5,3,9,12,1.5,3,1.5,7.5,7.5,10.5,,radojal01
484,Tim James,23,MIA,SF,4,0,23,7.8,21.9,0.357,0,0,,7.8,21.9,0.357,0.357,1.6,4.7,0.333,4.7,1.6,6.3,3.1,0,4.7,3.1,1.6,17.2,,jamesti01
485,Kiwane Lemorris Garris,25,ORL,SG,3,0,23,3.1,15.7,0.2,0,1.6,0,3.1,14.1,0.222,0.2,0,0,,0,1.6,1.6,3.1,0,0,1.6,0,6.3,,garriki01
486,Ben Davis,27,PHO,PF,5,0,22,3.3,9.8,0.333,0,0,,3.3,9.8,0.333,0.333,0,0,,4.9,9.8,14.7,3.3,1.6,1.6,4.9,3.3,6.5,,davisbe01
487,Ira Bowman,26,PHI,SG,11,0,20,3.6,3.6,1,0,0,,3.6,3.6,1,1,1.8,3.6,0.5,0,3.6,3.6,1.8,1.8,0,1.8,0,9,,bowmair01
488,Andrae Patterson,24,MIN,PF,5,0,20,5.4,7.2,0.75,0,0,,5.4,7.2,0.75,0.75,0,0,,1.8,1.8,3.6,1.8,1.8,0,1.8,7.2,10.8,,pattean01
489,Sean Marks,24,TOR,PF,5,0,12,6,18,0.333,0,3,0,6,15,0.4,0.333,12,12,1,0,6,6,0,3,3,9,9,24,,marksse01
490,Marty Conlon,32,LAC,C,3,0,9,4,8,0.5,0,0,,4,8,0.5,0.5,0,0,,4,4,8,0,0,0,0,4,8,,conloma01
491,Benoit Benjamin,35,CLE,C,3,0,8,4.5,13.5,0.333,0,0,,4.5,13.5,0.333,0.333,0,0,,0,4.5,4.5,0,0,4.5,0,4.5,9,,benjabe01
492,Rodrick Rhodes,26,DAL,SF,1,0,8,0,13.5,0,0,0,,0,13.5,0,0,0,0,,4.5,0,4.5,0,9,0,9,0,0,,rhodero01
493,Derek Hood,23,CHH,PF,2,0,4,0,27,0,0,0,,0,27,0,0,0,0,,0,9,9,0,0,0,0,0,0,,hoodde01
494,Mario Bennett,26,LAC,PF,1,0,3,0,36,0,0,0,,0,36,0,0,0,0,,12,12,24,0,0,0,0,12,0,,bennema01
495,Jason Miskiri,24,CHH,PG,1,0,3,0,12,0,0,12,0,0,0,,0,0,0,,0,0,0,12,0,0,0,24,0,,miskija01
496,Randell Jackson,24,DAL,PF,1,0,1,0,0,,0,0,,0,0,,,0,0,,0,0,0,0,0,0,0,0,0,,jacksra02