Rk,Player,Age,Team,Pos,G,GS,MP,FG%,avgDistance,2P (% of FGA),0-3 (% of FGA),3-10 (% of FGA),10-16 (% of FGA),16-3P (% of FGA),3P (% of FGA),2P%,0-3%,3-10%,10-16%,16-3P%,3P%,2P,3P,%FGA,#,%3PA,3P%,Att.,Md.,Awards,-9999
1,Gilbert Arenas,24,WAS,PG,80,80,3384,0.447,15.3,0.676,0.231,0.079,0.1,0.266,0.324,0.485,0.637,0.318,0.407,0.431,0.369,0.282,0.603,0.016,24,0.102,0.345,2,0,ASNBA3,arenagi01
2,LeBron James,21,CLE,SF,79,79,3361,0.48,12.4,0.792,0.353,0.092,0.094,0.253,0.208,0.518,0.689,0.411,0.304,0.398,0.335,0.303,0.417,0.065,114,0.185,0.343,5,0,MVP-2ASNBA1,jamesle01
3,Joe Johnson,24,ATL,SG,82,82,3340,0.453,13.7,0.742,0.186,0.213,0.132,0.211,0.258,0.487,0.618,0.495,0.418,0.407,0.356,0.308,0.844,0.007,10,0.314,0.46,4,0,,johnsjo02
4,Antawn Jamison,29,WAS,SF,82,80,3288,0.442,14,0.75,0.196,0.205,0.088,0.261,0.25,0.458,0.621,0.431,0.409,0.372,0.394,0.641,0.959,0.011,16,0.225,0.405,1,0,,jamisan01
5,Kobe Bryant,27,LAL,SG,80,80,3277,0.45,15.1,0.762,0.2,0.083,0.148,0.331,0.238,0.482,0.598,0.494,0.455,0.421,0.347,0.377,0.706,0.029,59,0.077,0.35,3,0,MVP-4ASNBA1,bryanko01
6,Shawn Marion,27,PHO,PF,81,81,3263,0.525,10.1,0.788,0.384,0.151,0.155,0.097,0.212,0.577,0.752,0.432,0.443,0.323,0.331,0.737,0.938,0.151,190,0.455,0.386,1,0,MVP-10DPOY-7ASNBA3,mariosh01
7,Lamar Odom,26,LAL,PF,80,80,3221,0.481,9.8,0.768,0.454,0.147,0.074,0.093,0.232,0.514,0.621,0.426,0.338,0.267,0.372,0.411,0.875,0.058,53,0.098,0.476,2,0,,odomla01
8,Ricky Davis,26,2TM,SG,78,78,3207,0.448,14.4,0.814,0.245,0.061,0.15,0.36,0.186,0.481,0.605,0.354,0.441,0.435,0.302,0.562,0.849,0.04,52,0.215,0.269,6,0,,davisri01
9,Ricky Davis,26,BOS,SG,42,42,1747,0.464,13.6,0.824,0.272,0.062,0.164,0.326,0.176,0.495,0.617,0.295,0.422,0.468,0.32,0.516,0.875,0.044,31,0.288,0.278,2,0,,davisri01
10,Ricky Davis,26,MIN,SF,36,36,1460,0.429,15.2,0.803,0.212,0.059,0.133,0.4,0.197,0.464,0.587,0.429,0.468,0.403,0.282,0.622,0.818,0.035,21,0.137,0.25,4,0,,davisri01
11,Mike Bibby,27,SAC,PG,82,82,3167,0.432,18.3,0.64,0.13,0.043,0.037,0.431,0.36,0.458,0.615,0.35,0.412,0.425,0.386,0.417,0.906,0,0,0.163,0.432,2,0,,bibbymi01
12,Morris Peterson,28,TOR,SG,82,77,3140,0.436,16.1,0.591,0.22,0.072,0.078,0.222,0.409,0.465,0.564,0.367,0.447,0.403,0.395,0.548,0.881,0.016,14,0.491,0.432,6,1,,petermo01
13,Pau Gasol,25,MEM,PF,80,80,3135,0.503,6.3,0.99,0.411,0.324,0.147,0.108,0.01,0.505,0.654,0.411,0.366,0.411,0.25,0.494,1,0.116,126,0.5,0.167,1,0,AS,gasolpa01
14,Michael Redd,26,MIL,SG,80,80,3130,0.45,13.8,0.728,0.269,0.08,0.15,0.229,0.272,0.471,0.576,0.413,0.399,0.412,0.395,0.503,0.853,0.012,17,0.298,0.447,0,0,,reddmi01
15,Allen Iverson,30,PHI,PG,72,72,3103,0.447,11.4,0.878,0.295,0.13,0.19,0.262,0.122,0.465,0.549,0.435,0.473,0.379,0.323,0.199,0.667,0.002,3,0.139,0.29,0,0,MVP-10ASNBA3,iversal01
16,Elton Brand,26,LAC,PF,79,79,3099,0.527,9.4,0.998,0.245,0.242,0.346,0.166,0.002,0.527,0.65,0.527,0.494,0.416,0.333,0.595,1,0.042,56,0,,0,0,MVP-7DPOY-10ASNBA2,brandel01
17,Dirk Nowitzki,27,DAL,PF,81,81,3089,0.48,14.4,0.827,0.158,0.099,0.263,0.307,0.173,0.496,0.591,0.419,0.491,0.475,0.406,0.438,0.909,0.017,23,0.063,0.588,5,0,MVP-3ASNBA1,nowitdi01
18,Andre Iguodala,22,PHI,SF,82,82,3086,0.5,9.5,0.77,0.48,0.113,0.08,0.097,0.23,0.543,0.645,0.372,0.364,0.388,0.354,0.622,0.929,0.206,129,0.57,0.411,3,0,DPOY-12,iguodan01
19,Paul Pierce,28,BOS,SF,79,79,3084,0.471,12.6,0.785,0.341,0.068,0.133,0.243,0.215,0.503,0.617,0.232,0.436,0.456,0.354,0.413,0.829,0.036,49,0.121,0.447,2,0,AS,piercpa01
20,Richard Jefferson,25,NJN,SF,78,78,3059,0.493,10.6,0.813,0.437,0.072,0.064,0.241,0.187,0.532,0.629,0.222,0.406,0.483,0.319,0.743,0.917,0.142,121,0.383,0.361,1,0,,jefferi01
21,Ray Allen,30,SEA,SG,78,78,3022,0.454,17.2,0.565,0.145,0.1,0.123,0.197,0.435,0.486,0.628,0.4,0.451,0.447,0.412,0.337,0.751,0.011,16,0.17,0.432,4,0,AS,allenra02
22,Dwight Howard,20,ORL,PF,82,81,3021,0.531,3.3,0.998,0.613,0.294,0.068,0.023,0.002,0.532,0.643,0.402,0.217,0.2,0,0.53,,0.269,214,0,,1,0,,howardw01
23,Cuttino Mobley,30,LAC,SG,79,74,2979,0.426,14.3,0.757,0.218,0.101,0.17,0.268,0.243,0.453,0.532,0.431,0.433,0.411,0.339,0.488,0.952,0.005,5,0.29,0.366,1,0,,moblecu01
24,Jason Kidd,32,NJN,PG,80,80,2975,0.404,17.3,0.564,0.188,0.055,0.08,0.241,0.436,0.445,0.524,0.3,0.431,0.422,0.352,0.379,0.921,0,0,0.225,0.404,4,0,,kiddja01
25,Raja Bell,29,PHO,SG,79,79,2959,0.457,19.4,0.52,0.082,0.04,0.069,0.33,0.48,0.471,0.553,0.351,0.422,0.476,0.442,0.68,0.954,0.005,5,0.361,0.466,1,0,DPOY-13,bellra01
26,Kevin Garnett,29,MIN,PF,76,76,2957,0.526,10.8,0.975,0.263,0.173,0.238,0.301,0.025,0.532,0.668,0.476,0.511,0.464,0.267,0.604,0.75,0.083,96,0.1,0,3,0,DPOY-13AS,garneke01
27,Kirk Hinrich,25,CHI,PG,81,81,2955,0.418,15.8,0.684,0.222,0.054,0.08,0.328,0.316,0.441,0.523,0.362,0.407,0.407,0.37,0.302,0.802,0,0,0.155,0.283,2,0,,hinriki01
28,Mehmet Okur,26,UTA,PF,82,82,2945,0.46,13.3,0.793,0.241,0.156,0.121,0.275,0.207,0.491,0.61,0.364,0.478,0.465,0.342,0.636,0.938,0.023,23,0.017,0.25,1,0,,okurme01
29,Carmelo Anthony,21,DEN,SF,80,80,2941,0.481,10.5,0.903,0.429,0.059,0.077,0.339,0.097,0.506,0.62,0.315,0.364,0.428,0.243,0.613,0.919,0.109,165,0.151,0.261,5,0,NBA3,anthoca01
30,Andre Miller,29,DEN,PG,82,82,2937,0.463,9.4,0.969,0.396,0.114,0.202,0.258,0.031,0.472,0.554,0.444,0.409,0.409,0.185,0.316,0.6,0.001,0,0.111,0.333,10,1,,millean02
31,Chauncey Billups,29,DET,PG,81,81,2925,0.418,17,0.58,0.192,0.041,0.134,0.213,0.42,0.407,0.433,0.415,0.419,0.375,0.433,0.268,0.484,0.001,1,0.144,0.475,0,0,MVP-5ASNBA2,billuch01
32,Mike James,30,TOR,PG,79,79,2925,0.469,14.3,0.689,0.254,0.126,0.061,0.248,0.311,0.481,0.561,0.426,0.32,0.467,0.442,0.17,0.609,0.002,2,0.16,0.475,2,0,,jamesmi01
33,Brad Miller,29,SAC,C,79,79,2923,0.495,13.3,0.9,0.225,0.139,0.083,0.453,0.1,0.507,0.64,0.533,0.438,0.446,0.386,0.715,0.941,0.023,19,0.273,0.417,2,0,,millebr01
34,Stephen Jackson,27,IND,SG,81,81,2910,0.411,14.3,0.705,0.242,0.127,0.114,0.221,0.295,0.439,0.543,0.39,0.389,0.378,0.345,0.462,0.812,0.026,27,0.239,0.358,2,0,,jacksst02
35,Vince Carter,29,NJN,SG,79,79,2906,0.43,12.6,0.758,0.311,0.148,0.09,0.21,0.242,0.459,0.559,0.375,0.353,0.414,0.341,0.441,0.744,0.062,87,0.169,0.371,1,0,AS,cartevi01
36,Tayshaun Prince,25,DET,SF,82,82,2898,0.455,12.3,0.817,0.281,0.131,0.134,0.27,0.183,0.479,0.662,0.42,0.351,0.381,0.35,0.634,0.953,0.084,78,0.536,0.378,1,0,DPOY-13,princta01
37,Chris Webber,32,PHI,PF,75,75,2893,0.434,10.8,0.946,0.257,0.22,0.155,0.313,0.054,0.443,0.568,0.45,0.262,0.425,0.273,0.622,0.81,0.056,73,0.169,0.385,1,0,,webbech01
38,Dwyane Wade,24,MIA,SG,75,75,2892,0.495,9.9,0.946,0.386,0.142,0.132,0.287,0.054,0.513,0.661,0.485,0.366,0.397,0.171,0.334,0.692,0.115,152,0.237,0.167,10,0,MVP-6ASNBA2,wadedw01
39,Ben Wallace,31,DET,C,82,82,2890,0.51,3,0.991,0.753,0.103,0.095,0.041,0.009,0.514,0.606,0.208,0.273,0.158,0,0.646,,0.312,124,0.5,0,0,0,DPOY-1ASNBA2,wallabe01
40,Jason Richardson,25,GSW,SG,75,75,2877,0.446,14.1,0.668,0.254,0.134,0.089,0.191,0.332,0.477,0.668,0.342,0.336,0.382,0.384,0.467,0.77,0.059,78,0.233,0.432,2,0,,richaja01
41,Rashard Lewis,26,SEA,SF,78,77,2876,0.467,14.1,0.679,0.195,0.202,0.139,0.142,0.321,0.507,0.653,0.519,0.356,0.436,0.384,0.452,0.958,0.047,52,0.276,0.431,4,0,,lewisra02
42,Boris Diaw,23,PHO,PF,81,70,2874,0.526,8.4,0.965,0.438,0.154,0.117,0.256,0.035,0.536,0.66,0.45,0.35,0.459,0.267,0.499,1,0.047,40,0.567,0.294,1,0,MIP-1,diawbo01
43,Shane Battier,27,MEM,SF,81,81,2839,0.488,10.6,0.734,0.367,0.18,0.082,0.105,0.266,0.522,0.601,0.429,0.49,0.431,0.394,0.584,0.969,0.023,11,0.715,0.458,1,0,DPOY-10,battish01
44,Richard Hamilton,27,DET,SG,80,80,2825,0.491,12,0.909,0.25,0.095,0.244,0.32,0.091,0.494,0.63,0.492,0.44,0.43,0.458,0.736,1,0.005,6,0.65,0.5,1,0,AS,hamilri01
45,Chris Paul,20,NOK,PG,78,78,2808,0.43,11.3,0.813,0.34,0.153,0.089,0.231,0.187,0.464,0.531,0.428,0.333,0.438,0.282,0.132,0.78,0.013,11,0.096,0.235,2,0,ROY-1,paulch01
46,Jason Terry,28,DAL,PG,80,80,2798,0.47,16.3,0.621,0.154,0.086,0.151,0.231,0.379,0.505,0.592,0.394,0.452,0.524,0.411,0.339,0.842,0.005,5,0.248,0.476,4,0,,terryja01
47,Steve Nash,31,PHO,PG,79,79,2796,0.512,15,0.676,0.233,0.092,0.11,0.241,0.324,0.548,0.703,0.454,0.457,0.475,0.439,0.138,0.473,0,0,0.038,0.385,3,0,MVP-1ASNBA1,nashst01
48,Tim Duncan,29,SAS,PF,80,80,2784,0.484,7.5,0.996,0.321,0.362,0.178,0.135,0.004,0.485,0.705,0.399,0.379,0.331,0.4,0.5,0.5,0.057,65,0.2,1,0,0,MVP-8DPOY-6ASNBA2,duncati01
49,Al Harrington,25,ATL,PF,76,76,2782,0.452,11.2,0.843,0.325,0.12,0.169,0.229,0.157,0.471,0.605,0.32,0.359,0.444,0.346,0.491,0.985,0.04,47,0.34,0.354,0,0,,harrial01
50,Rasheed Wallace,31,DET,PF,80,80,2780,0.43,16.6,0.593,0.133,0.12,0.189,0.151,0.407,0.48,0.613,0.484,0.47,0.373,0.357,0.609,0.981,0.044,38,0.108,0.34,0,0,DPOY-13AS,wallara01
51,Smush Parker,24,LAL,PG,82,82,2773,0.447,14,0.579,0.34,0.073,0.058,0.108,0.421,0.506,0.66,0.351,0.267,0.25,0.366,0.535,0.942,0.065,45,0.238,0.41,3,0,,parkesm01
52,Bruce Bowen,34,SAS,SF,82,82,2755,0.433,16.9,0.543,0.129,0.101,0.095,0.218,0.457,0.44,0.493,0.37,0.392,0.462,0.424,0.734,0.99,0.004,2,0.906,0.446,1,0,DPOY-2,bowenbr01
53,Chris Bosh,21,TOR,C,70,70,2751,0.505,9.7,0.988,0.318,0.162,0.239,0.269,0.012,0.511,0.647,0.398,0.427,0.493,0,0.488,,0.074,76,0.154,0,0,0,AS,boshch01
54,Wally Szczerbiak,28,2TM,SF,72,71,2729,0.487,14.4,0.748,0.216,0.107,0.137,0.288,0.252,0.517,0.708,0.426,0.446,0.44,0.4,0.627,0.833,0.022,21,0.345,0.466,0,0,,szczewa02
55,Wally Szczerbiak,28,MIN,SF,40,40,1555,0.495,14.4,0.758,0.227,0.09,0.139,0.302,0.242,0.523,0.739,0.396,0.402,0.455,0.406,0.65,0.793,0.029,17,0.343,0.49,0,0,,szczewa02
56,Wally Szczerbiak,28,BOS,SF,32,31,1174,0.476,14.5,0.735,0.201,0.13,0.135,0.268,0.265,0.506,0.659,0.455,0.509,0.416,0.393,0.592,0.886,0.012,4,0.348,0.436,0,0,,szczewa02
57,Tony Parker,23,SAS,PG,80,80,2715,0.548,8.7,0.968,0.469,0.133,0.055,0.311,0.032,0.556,0.705,0.444,0.349,0.416,0.306,0.324,0.727,0.002,2,0.278,0.5,0,0,MVP-9AS,parketo01
58,Caron Butler,25,WAS,SF,75,54,2708,0.455,12.6,0.89,0.257,0.155,0.123,0.355,0.11,0.469,0.659,0.351,0.381,0.413,0.342,0.488,0.61,0.045,49,0.15,0.278,3,0,,butleca01
59,Sam Cassell,36,LAC,PG,78,75,2653,0.443,16.1,0.829,0.078,0.083,0.284,0.384,0.171,0.459,0.598,0.413,0.519,0.396,0.368,0.281,0.729,0,0,0.095,0.333,4,0,,cassesa01
60,DeShawn Stevenson,24,ORL,SG,82,82,2648,0.46,10.6,0.981,0.41,0.052,0.078,0.44,0.019,0.466,0.538,0.341,0.393,0.427,0.133,0.655,1,0.058,41,0.133,0.5,3,0,,stevede01
61,Luke Ridnour,24,SEA,PG,79,77,2625,0.418,14.3,0.814,0.176,0.146,0.128,0.363,0.186,0.448,0.482,0.436,0.402,0.452,0.289,0.34,0.651,0,0,0.309,0.283,1,0,,ridnolu01
62,Hedo Türkoğlu,26,ORL,SF,78,59,2615,0.454,15.2,0.677,0.23,0.075,0.139,0.233,0.323,0.478,0.55,0.348,0.443,0.471,0.403,0.38,0.921,0.024,19,0.17,0.542,3,0,,turkohe01
63,Luol Deng,20,CHI,SF,78,56,2604,0.463,10.8,0.918,0.355,0.112,0.117,0.333,0.082,0.481,0.628,0.402,0.384,0.384,0.269,0.691,1,0.044,40,0.705,0.327,2,0,,denglu01
64,Andrei Kirilenko,24,UTA,SF,69,63,2604,0.46,9.4,0.84,0.488,0.09,0.063,0.199,0.16,0.489,0.624,0.227,0.391,0.31,0.308,0.533,0.889,0.1,71,0.111,0.385,0,0,DPOY-3,kirilan01
65,Peja Stojaković,28,2TM,SF,71,71,2601,0.437,16.8,0.603,0.201,0.051,0.069,0.282,0.397,0.461,0.683,0.385,0.271,0.362,0.401,0.625,0.92,0.009,9,0.228,0.489,0,0,,stojape01
66,Peja Stojaković,28,SAC,SF,31,31,1147,0.403,17.4,0.578,0.167,0.052,0.059,0.3,0.422,0.408,0.62,0.364,0.24,0.331,0.397,0.6,0.93,0.005,2,0.223,0.475,0,0,,stojape01
67,Peja Stojaković,28,IND,SF,40,40,1454,0.461,16.1,0.621,0.226,0.051,0.076,0.269,0.379,0.496,0.716,0.4,0.289,0.388,0.404,0.639,0.912,0.012,7,0.231,0.5,0,0,,stojape01
68,Derek Fisher,31,GSW,PG,82,36,2589,0.41,16.9,0.667,0.145,0.095,0.08,0.347,0.333,0.417,0.496,0.333,0.352,0.422,0.397,0.364,0.838,0.001,0,0.305,0.4,0,0,6MOY-16,fishede01
69,Mike Dunleavy,25,GSW,SF,81,68,2578,0.406,15.2,0.681,0.213,0.113,0.093,0.262,0.319,0.462,0.707,0.337,0.395,0.341,0.285,0.677,0.919,0.011,8,0.258,0.343,1,0,,dunlemi02
70,Kyle Korver,24,PHI,SF,82,43,2563,0.43,20.4,0.424,0.071,0.042,0.079,0.233,0.576,0.443,0.519,0.313,0.45,0.441,0.42,0.769,0.962,0.004,3,0.212,0.527,0,0,,korveky01
71,Chris Kaman,23,LAC,C,78,78,2560,0.523,4.6,0.997,0.462,0.411,0.098,0.027,0.003,0.524,0.586,0.507,0.377,0.263,0,0.539,,0.054,35,0,,2,0,,kamanch01
72,Josh Smith,20,ATL,SF,80,73,2559,0.425,11.2,0.858,0.364,0.11,0.093,0.291,0.142,0.444,0.599,0.247,0.292,0.373,0.309,0.641,0.941,0.099,75,0.345,0.289,3,0,,smithjo03
73,T.J. Ford,22,MIL,PG,72,70,2557,0.416,10.3,0.868,0.357,0.143,0.181,0.186,0.132,0.428,0.475,0.336,0.503,0.333,0.337,0.212,0.8,0.01,5,0.337,0.543,1,0,,fordtj01
74,Jamal Crawford,25,NYK,SG,79,27,2555,0.416,15.2,0.667,0.2,0.126,0.121,0.22,0.333,0.452,0.517,0.459,0.415,0.409,0.345,0.223,0.861,0.009,7,0.341,0.4,4,0,6MOY-14,crawfja01
75,Zach Randolph,24,POR,PF,74,71,2545,0.436,9.8,0.955,0.315,0.224,0.117,0.299,0.045,0.443,0.545,0.371,0.34,0.429,0.291,0.481,0.938,0.006,7,0.255,0.429,2,1,,randoza01
76,Bobby Simmons,25,MIL,SF,75,74,2538,0.453,15.2,0.691,0.207,0.066,0.135,0.283,0.309,0.468,0.521,0.415,0.339,0.502,0.42,0.659,0.971,0.015,12,0.364,0.396,0,0,,simmobo01
77,Juwan Howard,32,HOU,PF,80,80,2537,0.459,11.1,0.995,0.214,0.215,0.211,0.355,0.005,0.461,0.505,0.422,0.464,0.456,0,0.706,,0.013,8,0.25,0,2,0,,howarju01
78,David West,25,NOK,PF,74,74,2526,0.512,10,0.989,0.341,0.125,0.178,0.347,0.011,0.514,0.598,0.45,0.451,0.487,0.273,0.641,0.333,0.044,40,0,,0,0,,westda01
79,Troy Murphy,25,GSW,PF,74,74,2516,0.433,12.7,0.784,0.272,0.172,0.074,0.266,0.216,0.464,0.632,0.326,0.355,0.413,0.32,0.6,0.983,0.047,35,0.127,0.261,1,0,,murphtr01
80,Trenton Hassell,26,MIN,SG,77,67,2514,0.464,11.1,0.963,0.269,0.175,0.188,0.33,0.037,0.47,0.572,0.509,0.388,0.414,0.304,0.541,0.714,0.037,23,0.174,0.5,3,0,,hassetr01
81,Udonis Haslem,25,MIA,PF,81,80,2491,0.508,11,0.997,0.298,0.068,0.239,0.393,0.003,0.509,0.716,0.325,0.433,0.431,0,0.803,,0.09,48,0,,1,0,,hasleud01
82,Ben Gordon,22,CHI,SG,80,47,2482,0.422,16.7,0.668,0.167,0.08,0.095,0.326,0.332,0.416,0.448,0.359,0.382,0.423,0.435,0.375,0.693,0.003,4,0.28,0.43,1,0,,gordobe01
83,Nenad Krstić,22,NJN,PF,80,80,2469,0.507,8.3,0.995,0.369,0.226,0.157,0.244,0.005,0.509,0.566,0.457,0.413,0.53,0.25,0.776,1,0.064,51,0,,2,0,,krstine01
84,Jamaal Magloire,27,MIL,C,82,82,2465,0.467,4,1,0.48,0.421,0.062,0.037,0,0.467,0.6,0.375,0.132,0.348,,0.62,,0.107,64,,,0,0,,magloja01
85,Zaza Pachulia,21,ATL,C,78,78,2452,0.451,4.7,0.997,0.596,0.169,0.145,0.087,0.003,0.452,0.53,0.33,0.374,0.288,0,0.55,,0.029,19,0,,0,0,,pachuza01
86,Eddie Jones,34,MEM,SG,75,75,2437,0.404,16.5,0.482,0.216,0.072,0.065,0.129,0.518,0.457,0.59,0.365,0.319,0.355,0.356,0.597,0.94,0.022,13,0.388,0.338,1,0,DPOY-13,jonesed02
87,Rafer Alston,29,HOU,PG,63,63,2431,0.379,15.7,0.577,0.225,0.117,0.041,0.195,0.423,0.418,0.53,0.419,0.233,0.326,0.327,0.174,0.912,0,0,0.212,0.439,1,0,,alstora01
88,Delonte West,22,BOS,PG,71,71,2418,0.487,14.4,0.681,0.314,0.058,0.064,0.244,0.319,0.534,0.614,0.325,0.477,0.497,0.385,0.39,0.905,0.023,16,0.385,0.381,5,1,,westde01
89,Raymond Felton,21,CHA,PG,80,54,2406,0.391,13.7,0.693,0.36,0.061,0.051,0.221,0.307,0.405,0.44,0.37,0.267,0.39,0.358,0.234,0.753,0.015,10,0.129,0.371,8,1,ROY-4,feltora01
90,Steve Francis,28,2TM,SG,70,60,2393,0.435,10.6,0.892,0.374,0.052,0.165,0.301,0.108,0.452,0.556,0.275,0.437,0.361,0.301,0.253,0.56,0.027,21,0.325,0.333,0,0,,francst01
91,Steve Francis,28,ORL,PG,46,45,1734,0.433,11.4,0.878,0.362,0.049,0.158,0.31,0.122,0.457,0.563,0.286,0.429,0.376,0.257,0.251,0.5,0.028,16,0.271,0.263,0,0,,francst01
92,Steve Francis,28,NYK,SG,24,15,659,0.442,9.8,0.932,0.411,0.063,0.184,0.274,0.068,0.435,0.538,0.25,0.457,0.308,0.538,0.26,0.714,0.026,5,0.615,0.5,0,0,,francst01
93,P.J. Brown,36,NOK,C,75,73,2380,0.461,10.5,1,0.285,0.108,0.268,0.34,0,0.461,0.524,0.302,0.391,0.515,,0.773,,0.055,25,,,0,0,DPOY-13,brownpj01
94,David Wesley,35,HOU,SG,71,59,2372,0.403,18.3,0.517,0.16,0.043,0.046,0.267,0.483,0.438,0.578,0.292,0.308,0.4,0.365,0.559,0.929,0,0,0.317,0.36,1,0,,wesleda01
95,Charlie Villanueva,21,TOR,PF,81,36,2361,0.463,10.7,0.772,0.335,0.196,0.143,0.099,0.228,0.503,0.632,0.478,0.343,0.344,0.327,0.556,0.986,0.088,75,0.393,0.333,0,0,ROY-26MOY-20,villach01
96,Eric Snow,32,CLE,PG,82,82,2351,0.409,12.2,0.975,0.263,0.068,0.238,0.406,0.025,0.416,0.495,0.222,0.411,0.401,0.1,0.673,1,0,0,0.2,0.5,1,0,,snower01
97,Brevin Knight,30,CHA,PG,69,67,2351,0.399,12.2,0.983,0.259,0.093,0.153,0.478,0.017,0.402,0.455,0.347,0.322,0.409,0.231,0.318,0.333,0,0,0.077,1,0,0,,knighbr01
98,Andrew Bogut,21,MIL,PF,82,77,2348,0.533,3.4,0.995,0.67,0.196,0.069,0.059,0.005,0.536,0.616,0.387,0.405,0.278,0,0.598,,0.109,61,0,,0,0,ROY-3,bogutan01
99,Luther Head,23,HOU,SG,80,27,2310,0.403,16.5,0.503,0.233,0.059,0.056,0.156,0.497,0.445,0.558,0.378,0.314,0.347,0.361,0.39,0.814,0.005,3,0.361,0.434,1,0,ROY-7,headlu01
100,Deron Williams,21,UTA,PG,80,47,2307,0.421,15,0.728,0.239,0.066,0.086,0.338,0.272,0.423,0.505,0.321,0.391,0.393,0.416,0.472,0.725,0.01,6,0.078,0.588,2,1,ROY-6,willide01
101,Gary Payton,37,MIA,PG,81,25,2305,0.42,14.3,0.58,0.28,0.104,0.077,0.119,0.42,0.517,0.641,0.368,0.286,0.508,0.287,0.409,1,0,0,0.4,0.38,1,0,,paytoga01
102,Kenny Thomas,28,SAC,PF,82,55,2293,0.505,8,0.998,0.475,0.131,0.075,0.318,0.002,0.506,0.676,0.304,0.378,0.365,0,0.721,,0.093,54,0,,0,0,,thomake01
103,Antonio Daniels,30,WAS,SG,80,17,2283,0.418,11.9,0.816,0.295,0.191,0.093,0.238,0.184,0.461,0.679,0.324,0.431,0.313,0.228,0.275,0.696,0.035,18,0.188,0.263,0,0,,daniean01
104,Zydrunas Ilgauskas,30,CLE,C,78,78,2283,0.506,6.9,0.994,0.445,0.255,0.134,0.16,0.006,0.509,0.631,0.41,0.319,0.486,0,0.593,,0.057,47,0,,2,0,,ilgauzy01
105,Mike Miller,25,MEM,SG,74,9,2268,0.466,17.1,0.554,0.226,0.038,0.033,0.257,0.446,0.513,0.657,0.207,0.44,0.441,0.407,0.481,0.877,0.012,8,0.097,0.242,0,0,6MOY-1,millemi01
106,Josh Childress,22,ATL,SF,74,10,2249,0.552,6.6,0.871,0.615,0.107,0.034,0.115,0.129,0.56,0.623,0.407,0.412,0.414,0.492,0.577,1,0.143,71,0.692,0.467,1,0,,childjo01
107,Mark Blount,30,2TM,C,81,55,2240,0.508,9.4,1,0.311,0.199,0.208,0.282,0,0.508,0.645,0.466,0.399,0.469,,0.74,,0.069,49,,,0,0,,blounma01
108,Mark Blount,30,BOS,C,39,25,1083,0.511,8.8,1,0.321,0.232,0.211,0.237,0,0.511,0.639,0.523,0.4,0.422,,0.722,,0.066,23,,,0,0,,blounma01
109,Mark Blount,30,MIN,C,42,30,1157,0.506,10.1,1,0.299,0.164,0.206,0.331,0,0.506,0.651,0.379,0.397,0.504,,0.76,,0.073,26,,,0,0,,blounma01
110,Andrés Nocioni,26,CHI,PF,82,43,2239,0.461,12.8,0.714,0.336,0.084,0.085,0.208,0.286,0.489,0.556,0.429,0.394,0.445,0.391,0.61,1,0.028,21,0.332,0.392,0,0,DPOY-13,nocioan01
111,Tony Battie,29,ORL,C,82,82,2215,0.507,8.6,0.989,0.313,0.245,0.261,0.17,0.011,0.513,0.676,0.43,0.479,0.383,0,0.718,,0.125,63,0,,1,0,,battito01
112,Metta World Peace,26,2TM,SF,56,56,2207,0.404,13.3,0.708,0.286,0.098,0.083,0.241,0.292,0.443,0.597,0.365,0.319,0.335,0.308,0.371,0.654,0.015,11,0.206,0.25,3,0,DPOY-4,artesro01
113,Metta World Peace,26,IND,SF,16,16,603,0.46,11.9,0.772,0.388,0.089,0.068,0.228,0.228,0.497,0.62,0.333,0.313,0.407,0.333,0.396,0.722,0.03,5,0.278,0.267,0,0,,artesro01
114,Metta World Peace,26,SAC,SF,40,40,1604,0.383,14.8,0.684,0.248,0.102,0.089,0.246,0.316,0.42,0.583,0.375,0.321,0.31,0.302,0.359,0.633,0.01,6,0.186,0.243,3,0,,artesro01
115,Antoine Walker,29,MIA,PF,82,19,2199,0.435,12.8,0.573,0.329,0.194,0.027,0.024,0.427,0.493,0.58,0.391,0.292,0.364,0.358,0.343,0.964,0.011,8,0.159,0.377,0,0,6MOY-11,walkean02
116,Stephon Marbury,28,NYK,PG,60,60,2193,0.451,10.5,0.866,0.415,0.115,0.063,0.273,0.134,0.472,0.505,0.416,0.388,0.464,0.317,0.218,0.758,0.001,1,0.144,0.2,1,0,,marbust01
117,Drew Gooden,24,CLE,PF,79,79,2174,0.512,6.2,0.995,0.492,0.233,0.155,0.115,0.005,0.513,0.611,0.382,0.446,0.453,0.333,0.583,1,0.118,70,0.667,0.5,0,0,,goodedr01
118,Primož Brezec,26,CHA,C,79,79,2165,0.517,9.9,0.997,0.341,0.134,0.177,0.345,0.003,0.518,0.656,0.509,0.457,0.418,0,0.682,,0.03,22,0,,0,0,,brezepr01
119,Chris Duhon,23,CHI,PG,74,38,2155,0.4,16.7,0.483,0.264,0.065,0.035,0.119,0.517,0.442,0.486,0.429,0.316,0.391,0.36,0.261,0.83,0,0,0.248,0.478,5,0,,duhonch01
120,Tyson Chandler,23,CHI,C,79,50,2121,0.565,2.4,0.996,0.781,0.113,0.078,0.025,0.004,0.567,0.629,0.406,0.364,0,0,0.506,,0.24,64,0,,0,0,,chandty01
121,Ronald Murray,26,2TM,SG,76,27,2112,0.418,11.9,0.816,0.337,0.128,0.126,0.225,0.184,0.453,0.579,0.367,0.392,0.347,0.262,0.313,0.838,0.038,18,0.298,0.333,8,0,,murraro01
122,Ronald Murray,26,SEA,SG,48,2,1085,0.397,11.6,0.831,0.322,0.151,0.135,0.224,0.169,0.432,0.572,0.324,0.426,0.307,0.224,0.278,0.824,0.044,12,0.184,0.214,5,0,,murraro01
123,Ronald Murray,26,CLE,SG,28,25,1027,0.448,12.2,0.795,0.36,0.095,0.114,0.227,0.205,0.484,0.588,0.467,0.333,0.403,0.308,0.361,0.85,0.028,6,0.431,0.393,3,0,,murraro01
124,Marko Jarić,27,MIN,PG,75,49,2102,0.399,13.6,0.765,0.341,0.041,0.076,0.307,0.235,0.43,0.513,0.435,0.279,0.374,0.301,0.419,0.9,0.007,4,0.173,0.435,5,0,,jaricma01
125,Desmond Mason,28,NOK,SF,70,55,2102,0.399,7,0.991,0.394,0.288,0.171,0.138,0.009,0.401,0.533,0.317,0.254,0.379,0.167,0.54,1,0.084,52,0.333,0.5,3,0,,masonde01
126,Damon Jones,29,CLE,PG,82,7,2089,0.387,21.7,0.244,0.069,0.02,0.029,0.126,0.756,0.417,0.559,0.3,0.286,0.387,0.377,0.48,0.907,0,0,0.31,0.417,0,0,,jonesda01
127,Jumaine Jones,26,CHA,PF,76,42,2089,0.405,17.9,0.545,0.154,0.03,0.075,0.287,0.455,0.456,0.602,0.455,0.455,0.379,0.343,0.749,0.948,0.016,11,0.427,0.42,2,0,,jonesju01
128,Donyell Marshall,32,CLE,PF,81,0,2077,0.395,16.3,0.411,0.264,0.061,0.034,0.052,0.589,0.496,0.599,0.366,0.217,0.314,0.324,0.664,0.984,0.055,32,0.577,0.338,1,0,,marshdo01
129,John Salmons,26,PHI,SG,82,24,2059,0.42,10.3,0.833,0.353,0.159,0.184,0.136,0.167,0.445,0.516,0.422,0.417,0.324,0.299,0.342,0.962,0.029,15,0.322,0.214,0,0,,salmojo01
130,Michael Finley,32,SAS,SG,77,18,2038,0.412,18.2,0.599,0.088,0.056,0.125,0.329,0.401,0.423,0.705,0.308,0.402,0.376,0.394,0.682,0.973,0.023,15,0.423,0.415,1,0,6MOY-9,finlemi01
131,Raef LaFrentz,29,BOS,PF,82,63,2033,0.431,17.4,0.482,0.205,0.043,0.043,0.19,0.518,0.474,0.513,0.25,0.417,0.495,0.392,0.794,0.991,0.024,11,0.241,0.464,0,0,,lafrera01
132,Speedy Claxton,27,NOK,PG,71,3,2019,0.413,10.9,0.914,0.307,0.171,0.122,0.314,0.086,0.426,0.54,0.405,0.411,0.333,0.27,0.296,0.706,0.005,3,0.27,0.294,2,0,6MOY-2,claxtsp01
133,Jalen Rose,33,2TM,SG,72,45,1983,0.423,13.6,0.749,0.193,0.145,0.194,0.218,0.251,0.45,0.523,0.485,0.368,0.436,0.343,0.381,0.915,0.009,6,0.61,0.4,1,0,,roseja01
134,Jalen Rose,33,TOR,SF,46,22,1236,0.404,14.2,0.742,0.17,0.152,0.202,0.217,0.258,0.45,0.526,0.515,0.356,0.433,0.27,0.362,0.968,0.011,5,0.617,0.352,1,0,,roseja01
135,Jalen Rose,33,NYK,SG,26,23,747,0.46,13,0.762,0.234,0.13,0.18,0.218,0.238,0.451,0.518,0.419,0.395,0.442,0.491,0.415,0.857,0.004,1,0.596,0.5,0,0,,roseja01
136,Anthony Johnson,31,IND,PG,75,53,1981,0.443,14.4,0.743,0.191,0.134,0.182,0.235,0.257,0.482,0.643,0.469,0.382,0.437,0.329,0.384,0.706,0.017,10,0.232,0.278,2,0,,johnsan02
137,Kwame Brown,23,LAL,C,72,49,1978,0.526,3.4,0.997,0.611,0.284,0.067,0.036,0.003,0.527,0.616,0.445,0.269,0.143,0,0.676,,0.173,63,0,,0,0,,brownkw01
138,Vladimir Radmanović,25,2TM,PF,77,27,1974,0.407,17.8,0.449,0.199,0.081,0.031,0.138,0.551,0.429,0.516,0.269,0.45,0.393,0.39,0.613,0.964,0.039,21,0.178,0.492,1,0,,radmavl01
139,Vladimir Radmanović,25,SEA,PF,47,16,1089,0.401,17.4,0.49,0.198,0.099,0.034,0.159,0.51,0.436,0.513,0.289,0.385,0.443,0.367,0.634,0.972,0.039,13,0.122,0.625,1,0,,radmavl01
140,Vladimir Radmanović,25,LAC,PF,30,11,885,0.417,18.2,0.39,0.201,0.054,0.027,0.108,0.61,0.416,0.519,0.214,0.571,0.286,0.418,0.571,0.955,0.039,8,0.247,0.41,0,0,,radmavl01
141,Baron Davis,26,GSW,PG,54,48,1971,0.389,14.9,0.624,0.254,0.124,0.092,0.153,0.376,0.434,0.607,0.28,0.405,0.288,0.315,0.133,0.451,0.026,20,0.117,0.421,6,0,,davisba01
142,Shareef Abdur-Rahim,29,SAC,PF,72,30,1961,0.525,7.9,0.965,0.392,0.29,0.071,0.212,0.035,0.536,0.657,0.464,0.4,0.455,0.227,0.535,1,0.111,65,0.182,0.25,0,0,6MOY-10,abdursh01
143,Marvin Williams,19,ATL,PF,79,7,1952,0.443,11.3,0.9,0.386,0.062,0.066,0.386,0.1,0.464,0.61,0.152,0.314,0.395,0.245,0.725,0.923,0.1,47,0.208,0,0,0,,willima02
144,Jared Jeffries,24,WAS,PF,77,77,1951,0.451,8.6,0.88,0.482,0.166,0.051,0.181,0.12,0.468,0.605,0.319,0.286,0.293,0.32,0.497,1,0.12,48,0.28,0.357,1,0,,jeffrja01
145,Yao Ming,25,HOU,C,57,57,1949,0.519,6.2,0.999,0.34,0.392,0.241,0.026,0.001,0.519,0.676,0.479,0.392,0.261,0,0.621,,0.078,63,0,,0,0,ASNBA3,mingya01
146,Matt Harpring,29,UTA,SF,71,32,1944,0.475,10,0.942,0.398,0.074,0.15,0.32,0.058,0.482,0.622,0.34,0.402,0.378,0.359,0.795,1,0.007,5,0.615,0.417,0,0,6MOY-16,harprma01
147,Erick Dampier,30,DAL,C,82,36,1934,0.493,1.7,1,0.752,0.228,0.017,0.003,0,0.493,0.521,0.43,0.167,0,,0.468,,0.176,48,,,0,0,6MOY-20,dampier01
148,Juan Dixon,27,POR,SG,76,42,1920,0.435,15,0.793,0.185,0.094,0.135,0.379,0.207,0.449,0.559,0.416,0.523,0.376,0.382,0.462,0.785,0,0,0.288,0.388,1,0,,dixonju01
149,Josh Howard,25,DAL,SF,59,58,1915,0.471,9.5,0.915,0.312,0.254,0.168,0.18,0.085,0.475,0.573,0.46,0.368,0.425,0.429,0.415,0.926,0.03,21,0.238,0.333,0,0,,howarjo01
150,James Posey,29,MIA,SF,67,63,1914,0.403,19.7,0.266,0.147,0.028,0.028,0.063,0.734,0.4,0.586,0.273,0.091,0.16,0.403,0.5,0.983,0.023,8,0.4,0.448,0,0,DPOY-13,poseyja01
151,Kevin Martin,22,SAC,SG,72,41,1913,0.48,13.2,0.672,0.328,0.082,0.086,0.176,0.328,0.534,0.637,0.422,0.617,0.354,0.369,0.571,0.909,0.075,40,0.346,0.419,0,0,,martike02
152,Keith Bogans,25,2TM,SG,72,31,1912,0.395,13.3,0.632,0.368,0.048,0.059,0.158,0.368,0.436,0.55,0.154,0.281,0.314,0.325,0.42,0.908,0.006,3,0.31,0.435,0,0,,boganke01
153,Keith Bogans,25,CHA,SG,39,9,848,0.396,13.5,0.66,0.34,0.066,0.059,0.194,0.34,0.426,0.561,0.158,0.294,0.321,0.337,0.395,0.909,0.007,2,0.296,0.448,0,0,,boganke01
154,Keith Bogans,25,HOU,SF,33,22,1064,0.395,13.1,0.602,0.398,0.027,0.059,0.117,0.398,0.448,0.539,0.143,0.267,0.3,0.314,0.449,0.906,0.004,1,0.324,0.424,0,0,,boganke01
155,Jason Collins,27,NJN,C,71,70,1895,0.397,13.1,0.954,0.275,0.05,0.13,0.5,0.046,0.404,0.444,0.077,0.382,0.42,0.25,0.911,1,0.031,8,0.333,0.5,2,0,,collija04
156,Gerald Wallace,23,CHA,SF,55,52,1895,0.538,5.3,0.915,0.701,0.059,0.041,0.114,0.085,0.562,0.632,0.314,0.292,0.358,0.28,0.512,1,0.168,91,0.46,0.348,0,0,DPOY-9,wallage01
157,Brendan Haywood,26,WAS,C,79,70,1879,0.514,3.7,1,0.549,0.368,0.072,0.012,0,0.514,0.675,0.333,0.226,0.4,,0.505,,0.162,69,,,0,0,,haywobr01
158,Rasual Butler,26,NOK,SF,79,20,1875,0.406,16.6,0.618,0.164,0.051,0.125,0.278,0.382,0.422,0.615,0.25,0.443,0.33,0.38,0.533,0.935,0.022,14,0.326,0.392,0,0,,butlera01
159,Jason Williams,30,MIA,PG,59,56,1874,0.442,16,0.525,0.277,0.05,0.043,0.155,0.475,0.506,0.571,0.433,0.538,0.404,0.372,0.149,0.766,0,0,0.205,0.441,2,0,,willija02
160,Eddy Curry,23,NYK,C,72,69,1865,0.563,2,1,0.709,0.273,0.017,0.002,0,0.563,0.652,0.331,0.6,0,,0.688,,0.246,131,,,0,0,,curryed01
161,Clifford Robinson,39,NJN,PF,80,13,1863,0.427,16.4,0.659,0.135,0.101,0.14,0.283,0.341,0.47,0.594,0.519,0.333,0.462,0.343,0.855,0.983,0.016,8,0.291,0.373,1,0,6MOY-14,robincl02
162,Marcus Camby,31,DEN,C,56,54,1857,0.465,10.9,0.983,0.362,0.072,0.091,0.458,0.017,0.472,0.647,0.34,0.322,0.384,0.091,0.721,1,0.108,68,0,,0,0,DPOY-5,cambyma01
163,Fred Jones,26,IND,SG,68,2,1837,0.417,15.5,0.665,0.211,0.088,0.118,0.249,0.335,0.457,0.653,0.388,0.318,0.381,0.337,0.294,0.81,0.041,21,0.241,0.311,0,0,,jonesfr01
164,Adonal Foyle,30,GSW,C,77,72,1824,0.507,4.3,1,0.493,0.387,0.077,0.043,0,0.507,0.574,0.474,0.304,0.385,,0.691,,0.12,31,,,0,0,,foylead01
165,Manu Ginóbili,28,SAS,SG,65,56,1813,0.462,12,0.676,0.348,0.176,0.066,0.085,0.324,0.5,0.584,0.424,0.432,0.368,0.382,0.363,0.819,0.019,11,0.221,0.417,1,0,,ginobma01
166,Shaquille O'Neal,33,MIA,C,59,58,1806,0.6,3.1,1,0.559,0.394,0.048,0,0,0.6,0.779,0.394,0.211,,,0.583,,0.269,203,,,0,0,ASNBA1,onealsh01
167,Jermaine O'Neal,27,IND,PF,51,47,1802,0.472,8.7,0.988,0.287,0.277,0.267,0.157,0.012,0.474,0.654,0.439,0.381,0.365,0.3,0.647,0.667,0.087,66,0.4,0.5,0,0,AS,onealje01
168,Ruben Patterson,30,2TM,SG,71,22,1792,0.515,3.7,0.98,0.668,0.219,0.043,0.05,0.02,0.524,0.634,0.309,0.259,0.219,0.077,0.531,1,0.107,65,0,,5,0,,patteru01
169,Ruben Patterson,30,POR,SF,45,2,1056,0.496,3.8,0.982,0.649,0.245,0.047,0.04,0.018,0.505,0.622,0.312,0.222,0.133,0,0.495,,0.098,34,0,,4,0,,patteru01
170,Ruben Patterson,30,DEN,SG,26,20,736,0.543,3.5,0.977,0.695,0.18,0.035,0.066,0.023,0.552,0.652,0.304,0.333,0.294,0.167,0.58,1,0.121,31,0,,1,0,,patteru01
171,Jameer Nelson,23,ORL,PG,62,33,1784,0.483,14.2,0.771,0.296,0.042,0.086,0.346,0.229,0.5,0.61,0.333,0.29,0.478,0.424,0.206,0.829,0.003,1,0.194,0.406,3,0,,nelsoja01
172,Steve Blake,25,POR,PG,68,57,1781,0.438,19,0.609,0.089,0.057,0.094,0.368,0.391,0.455,0.595,0.333,0.545,0.416,0.413,0.362,0.829,0.002,1,0.168,0.419,3,0,,blakest01
173,Bobby Jackson,32,MEM,PG,71,15,1775,0.382,16.2,0.556,0.229,0.067,0.056,0.205,0.444,0.377,0.497,0.3,0.167,0.327,0.389,0.21,0.853,0,0,0.334,0.45,1,0,6MOY-16,jacksbo01
174,James Jones,25,PHO,SF,75,24,1772,0.418,20.4,0.509,0.071,0.022,0.062,0.355,0.491,0.449,0.537,0.308,0.556,0.422,0.386,0.752,0.973,0.015,9,0.295,0.488,0,0,,jonesja02
175,Marquis Daniels,25,DAL,SG,62,29,1766,0.48,7,0.963,0.414,0.277,0.156,0.115,0.037,0.491,0.58,0.423,0.45,0.39,0.211,0.368,0.75,0.041,19,0.316,0.167,0,0,,daniema01
176,Danny Granger,22,IND,SF,78,17,1765,0.462,12.9,0.805,0.31,0.098,0.09,0.308,0.195,0.496,0.595,0.383,0.349,0.476,0.323,0.686,0.967,0.052,25,0.366,0.441,2,0,ROY-76MOY-16,grangda01
177,Samuel Dalembert,24,PHI,C,66,52,1761,0.531,5.4,0.997,0.515,0.228,0.192,0.062,0.003,0.533,0.658,0.357,0.451,0.391,0,0.724,,0.23,81,0,,0,0,,dalemsa01
178,Greg Buckner,29,DEN,SG,73,27,1758,0.434,16.8,0.417,0.24,0.05,0.026,0.101,0.583,0.546,0.66,0.524,0.182,0.381,0.354,0.726,0.988,0.007,3,0.374,0.286,0,0,,buckngr01
179,Tracy McGrady,26,HOU,SF,47,47,1745,0.406,15.7,0.769,0.2,0.066,0.11,0.393,0.231,0.434,0.53,0.463,0.315,0.413,0.312,0.359,0.548,0.03,28,0.056,0.385,3,0,AS,mcgratr01
180,Antonio McDyess,31,DET,PF,82,0,1733,0.509,11.9,0.996,0.252,0.054,0.259,0.432,0.004,0.511,0.738,0.267,0.469,0.434,0,0.8,,0.066,37,0.5,0,0,0,6MOY-4,mcdyean01
181,Jarron Collins,27,UTA,C,79,41,1730,0.461,8,1,0.464,0.075,0.232,0.229,0,0.461,0.608,0.238,0.354,0.344,,0.628,,0.004,1,,,0,0,,collija03
182,Chucky Atkins,31,2TM,PG,71,41,1713,0.394,17.9,0.522,0.187,0.072,0.038,0.225,0.478,0.431,0.533,0.244,0.273,0.434,0.354,0.217,0.742,0,0,0.164,0.378,3,0,,atkinch01
183,Chucky Atkins,31,WAS,SG,28,2,552,0.379,18.8,0.471,0.144,0.08,0.023,0.224,0.529,0.402,0.64,0.214,0,0.359,0.359,0.394,0.697,0,0,0.25,0.478,1,0,,atkinch01
184,Chucky Atkins,31,MEM,PG,43,39,1161,0.401,17.1,0.544,0.206,0.068,0.045,0.226,0.456,0.442,0.5,0.259,0.333,0.467,0.352,0.156,0.766,0,0,0.121,0.273,2,0,,atkinch01
185,Devin Brown,27,UTA,SG,81,14,1711,0.393,12.6,0.776,0.338,0.101,0.078,0.26,0.224,0.411,0.556,0.283,0.195,0.336,0.331,0.619,1,0.013,6,0.297,0.371,2,0,,brownde02
186,Matt Bonner,25,TOR,PF,78,6,1710,0.448,18.6,0.48,0.118,0.079,0.086,0.197,0.52,0.478,0.6,0.405,0.375,0.478,0.42,0.636,1,0.013,5,0.202,0.327,1,0,,bonnema01
187,Lorenzen Wright,30,MEM,C,78,58,1689,0.478,6.2,0.995,0.493,0.18,0.202,0.121,0.005,0.48,0.65,0.342,0.293,0.306,0,0.696,,0.113,44,0,,0,0,,wrighlo02
188,Bonzi Wells,29,SAC,SG,52,41,1684,0.463,8.1,0.927,0.481,0.144,0.103,0.199,0.073,0.482,0.6,0.398,0.254,0.377,0.222,0.573,1,0.073,40,0.711,0.25,2,0,,wellsbo01
189,Sebastian Telfair,20,POR,PG,68,30,1641,0.394,13.4,0.72,0.33,0.062,0.08,0.247,0.28,0.411,0.545,0.222,0.326,0.308,0.352,0.17,0.719,0,0,0.216,0.457,3,0,,telfase01
190,Jarrett Jack,22,POR,SG,79,4,1599,0.442,13.3,0.822,0.25,0.129,0.121,0.322,0.178,0.48,0.579,0.473,0.423,0.428,0.263,0.254,1,0.002,1,0.329,0.28,1,0,,jackja01
191,Leandro Barbosa,23,PHO,SG,57,11,1592,0.481,12,0.654,0.427,0.069,0.065,0.093,0.346,0.501,0.574,0.282,0.324,0.453,0.444,0.409,0.793,0.002,0,0.316,0.371,2,0,6MOY-7,barbole01
192,Joey Graham,23,TOR,SF,80,24,1581,0.478,11.9,0.79,0.283,0.164,0.145,0.198,0.21,0.517,0.641,0.559,0.467,0.341,0.333,0.621,0.966,0.065,24,0.517,0.378,1,0,,grahajo01
193,Jeff Foster,29,IND,C,63,37,1581,0.552,2.3,0.984,0.872,0.072,0.02,0.02,0.016,0.561,0.601,0.222,0.2,0.4,0,0.667,,0.12,28,0,,0,0,,fosteje01
194,Francisco Elson,29,DEN,C,72,54,1579,0.532,10,0.982,0.394,0.074,0.123,0.391,0.018,0.538,0.679,0.476,0.343,0.468,0.2,0.8,0,0.197,49,0.6,0.333,0,0,,elsonfr01
195,Earl Watson,26,2TM,PG,70,10,1578,0.43,16.9,0.466,0.206,0.092,0.057,0.11,0.534,0.46,0.543,0.404,0.552,0.304,0.404,0.284,0.918,0.008,2,0.199,0.463,2,0,,watsoea01
196,Earl Watson,26,DEN,PG,46,10,975,0.429,17.9,0.39,0.227,0.05,0.021,0.092,0.61,0.482,0.547,0.5,0.667,0.269,0.395,0.453,0.941,0.011,2,0.262,0.444,2,0,,watsoea01
197,Earl Watson,26,SEA,PG,24,0,603,0.432,16,0.559,0.181,0.145,0.101,0.132,0.441,0.441,0.537,0.364,0.522,0.333,0.42,0.125,0.881,0.004,0,0.09,0.556,0,0,,watsoea01
198,Channing Frye,22,NYK,C,65,14,1572,0.477,10.3,0.986,0.273,0.217,0.181,0.314,0.014,0.479,0.583,0.453,0.388,0.458,0.333,0.623,1,0.067,38,0.333,0.667,0,0,ROY-56MOY-11,fryech01
199,Šarūnas Jasikevičius,29,IND,PG,75,15,1557,0.396,18.6,0.45,0.093,0.117,0.128,0.112,0.55,0.435,0.4,0.52,0.4,0.417,0.364,0.369,0.686,0,0,0.208,0.469,3,0,,jasiksa01
200,Kenyon Martin,28,DEN,PF,56,49,1546,0.495,8.9,0.963,0.373,0.188,0.162,0.24,0.037,0.505,0.683,0.336,0.454,0.396,0.227,0.733,0.8,0.167,95,0.5,0.364,0,0,,martike01
201,Nate Robinson,21,NYK,PG,72,26,1544,0.407,13,0.742,0.342,0.08,0.087,0.234,0.258,0.411,0.503,0.267,0.306,0.364,0.397,0.308,0.741,0.009,5,0.397,0.466,7,0,,robinna01
202,Devean George,28,LAL,SF,71,5,1542,0.4,16.4,0.624,0.202,0.054,0.075,0.292,0.376,0.453,0.488,0.565,0.438,0.411,0.313,0.608,0.94,0.042,14,0.444,0.394,1,0,,georgde01
203,Earl Boykins,29,DEN,PG,60,0,1542,0.41,15.8,0.729,0.144,0.082,0.16,0.343,0.271,0.434,0.568,0.5,0.396,0.379,0.346,0.311,0.71,0,0,0.168,0.233,0,0,6MOY-5,boykiea01
204,Chris Mihm,26,LAL,C,59,56,1541,0.501,5.9,1,0.436,0.329,0.12,0.115,0,0.501,0.61,0.464,0.327,0.377,,0.609,,0.087,37,,,0,0,,mihmch01
205,Brian Cook,25,LAL,PF,81,46,1535,0.511,14.1,0.836,0.249,0.057,0.131,0.399,0.164,0.527,0.591,0.517,0.418,0.525,0.429,0.764,1,0.057,25,0.071,0.333,1,0,,cookbr01
206,Mo Williams,23,MIL,PG,58,12,1531,0.424,15.3,0.696,0.223,0.057,0.167,0.25,0.304,0.443,0.507,0.611,0.41,0.369,0.382,0.299,0.74,0,0,0.262,0.36,1,0,6MOY-8,willima01
207,Chris Wilcox,23,2TM,C,77,24,1529,0.571,5.1,0.996,0.48,0.307,0.191,0.018,0.004,0.574,0.755,0.428,0.36,0.5,0,0.767,,0.231,97,0,,1,0,,wilcoch01
208,Chris Wilcox,23,LAC,C,48,1,657,0.536,5.5,0.988,0.44,0.357,0.179,0.012,0.012,0.542,0.757,0.367,0.367,0.5,0,0.744,,0.185,29,0,,1,0,,wilcoch01
209,Chris Wilcox,23,SEA,PF,29,23,872,0.592,4.8,1,0.504,0.277,0.199,0.021,0,0.592,0.754,0.474,0.357,0.5,,0.778,,0.259,68,,,0,0,,wilcoch01
210,Damien Wilkins,26,SEA,SF,82,12,1525,0.444,10.8,0.871,0.32,0.161,0.147,0.244,0.129,0.472,0.727,0.314,0.281,0.358,0.25,0.531,1,0.06,24,0.482,0.37,0,0,,wilkida02
211,Shaun Livingston,20,LAC,PG,61,14,1525,0.427,10.2,0.977,0.295,0.172,0.232,0.278,0.023,0.434,0.515,0.417,0.469,0.33,0.125,0.405,1,0.026,8,0.375,0.333,0,0,,livinsh01
212,Jerry Stackhouse,31,DAL,SG,55,11,1525,0.401,14.2,0.784,0.194,0.09,0.221,0.28,0.216,0.436,0.53,0.407,0.383,0.42,0.277,0.383,1,0.032,17,0.477,0.323,1,0,6MOY-3,stackje01
213,Rasho Nesterović,29,SAS,C,80,51,1515,0.515,7.8,0.994,0.317,0.371,0.12,0.186,0.006,0.518,0.736,0.468,0.275,0.403,0,0.756,,0.045,15,0,,1,0,,nestera01
214,Quinton Ross,24,LAC,SF,67,45,1515,0.422,13.1,0.977,0.256,0.055,0.097,0.568,0.023,0.432,0.532,0.412,0.333,0.406,0,0.831,,0.019,6,0.429,0,0,0,,rossqu01
215,DeSagana Diop,24,DAL,C,81,45,1510,0.487,4.9,0.987,0.617,0.123,0.195,0.052,0.013,0.487,0.642,0.263,0.267,0,0.5,0.662,1,0.162,21,0,,1,0,,diopde01
216,Marcus Banks,24,2TM,PG,58,29,1497,0.468,13.5,0.865,0.346,0.041,0.047,0.432,0.135,0.486,0.617,0.316,0.273,0.421,0.349,0.345,0.545,0.009,4,0.048,0.333,2,0,,banksma01
217,Marcus Banks,24,BOS,PG,18,1,269,0.413,14.3,0.763,0.325,0.063,0.05,0.325,0.238,0.443,0.692,0.4,0,0.269,0.316,0.333,0.833,0,0,0.105,0.5,2,0,,banksma01
218,Marcus Banks,24,MIN,PG,40,28,1228,0.479,12.8,0.887,0.351,0.036,0.046,0.454,0.113,0.494,0.603,0.286,0.333,0.443,0.364,0.347,0.438,0.01,4,0.023,0,0,0,,banksma01
219,Viktor Khryapa,23,POR,SF,69,53,1492,0.462,10.5,0.912,0.401,0.088,0.091,0.333,0.088,0.474,0.672,0.267,0.355,0.325,0.333,0.709,1,0.091,31,0.4,0.417,1,0,,khryavi01
220,José Calderón,24,TOR,SG,64,11,1487,0.423,11.6,0.862,0.401,0.054,0.087,0.321,0.138,0.465,0.536,0.353,0.185,0.47,0.163,0.256,0.714,0.003,1,0.233,0.2,2,0,,caldejo01
221,Sasha Vujačić,21,LAL,PG,82,4,1449,0.346,19.4,0.449,0.138,0.026,0.048,0.237,0.551,0.35,0.442,0.125,0.2,0.351,0.343,0.694,0.983,0,0,0.215,0.351,1,0,,vujacsa01
222,Eduardo Nájera,29,DEN,PF,64,3,1449,0.422,7.3,0.96,0.555,0.09,0.066,0.249,0.04,0.426,0.539,0.185,0.2,0.32,0.333,0.772,1,0.073,15,0.5,0.167,0,0,,najered01
223,Nick Collison,25,SEA,PF,66,27,1448,0.525,6.7,0.992,0.503,0.19,0.102,0.198,0.008,0.529,0.652,0.4,0.425,0.397,0,0.628,,0.074,26,0,,1,0,,collini01
224,Quentin Richardson,25,NYK,SF,55,43,1442,0.355,14.7,0.59,0.279,0.076,0.072,0.163,0.41,0.365,0.484,0.286,0.212,0.267,0.34,0.394,0.922,0.017,8,0.356,0.343,1,0,,richaqu01
225,Eddie House,27,PHO,PG,81,0,1421,0.422,20,0.584,0.075,0.026,0.037,0.445,0.416,0.445,0.491,0.2,0.393,0.456,0.389,0.609,0.886,0,0,0.237,0.373,2,0,6MOY-13,houseed01
226,Kurt Thomas,33,PHO,C,53,50,1411,0.486,11.5,1,0.274,0.074,0.215,0.437,0,0.486,0.636,0.448,0.429,0.427,,0.879,,0.02,7,,,0,0,,thomaku01
227,Joel Przybilla,26,POR,C,56,52,1395,0.548,2.4,1,0.711,0.218,0.063,0.008,0,0.548,0.653,0.327,0.133,0.5,,0.672,,0.272,56,,,0,0,,przybjo01
228,Reggie Evans,25,2TM,PF,67,25,1393,0.489,3.6,0.996,0.627,0.254,0.052,0.063,0.004,0.491,0.548,0.397,0.286,0.471,0,0.481,,0.037,9,0,,1,0,,evansre01
229,Reggie Evans,25,SEA,PF,41,23,788,0.509,3.6,0.994,0.613,0.289,0.04,0.052,0.006,0.512,0.566,0.42,0.429,0.444,0,0.5,,0.04,6,0,,1,0,,evansre01
230,Reggie Evans,25,DEN,PF,26,2,605,0.453,3.7,1,0.653,0.189,0.074,0.084,0,0.453,0.516,0.333,0.143,0.5,,0.442,,0.032,3,,,0,0,,evansre01
231,Nazr Mohammed,28,SAS,C,80,30,1389,0.504,4.6,1,0.554,0.276,0.146,0.024,0,0.504,0.593,0.404,0.418,0.111,,0.589,,0.117,33,,,0,0,,mohamna01
232,Milt Palacio,27,UTA,PG,71,18,1376,0.424,7.8,0.96,0.548,0.072,0.074,0.266,0.04,0.439,0.52,0.276,0.367,0.336,0.063,0.465,0,0.005,2,0.125,0,3,0,,palacmi01
233,Ryan Gomes,23,BOS,PF,61,33,1376,0.487,8.1,0.975,0.499,0.101,0.121,0.254,0.025,0.491,0.633,0.278,0.442,0.322,0.333,0.712,0.667,0.042,14,0.556,0.4,0,0,ROY-9,gomesry01
234,Rashad McCants,21,MIN,SG,79,12,1362,0.45,13.1,0.664,0.348,0.08,0.075,0.161,0.336,0.49,0.602,0.372,0.375,0.36,0.372,0.552,0.925,0.065,31,0.233,0.476,1,0,,mccanra01
235,Eddie Griffin,23,MIN,C,70,27,1359,0.351,12.6,0.778,0.303,0.108,0.132,0.235,0.222,0.396,0.598,0.4,0.204,0.241,0.195,0.561,1,0.065,23,0.183,0.333,0,0,,griffed01
236,Melvin Ely,27,CHA,PF,57,22,1348,0.508,5.5,0.995,0.313,0.593,0.054,0.035,0.005,0.511,0.594,0.496,0.348,0.267,0,0.481,,0.087,29,0,,1,0,,elyme01
237,Stromile Swift,26,HOU,C,66,5,1344,0.491,5.5,0.996,0.517,0.236,0.107,0.135,0.004,0.493,0.599,0.343,0.388,0.435,0,0.596,,0.175,68,1,0,0,0,,swiftst01
238,Luke Walton,25,LAL,SF,69,6,1333,0.412,12.6,0.832,0.247,0.159,0.159,0.268,0.168,0.429,0.494,0.423,0.404,0.386,0.327,0.538,1,0.015,4,0.564,0.323,1,0,,waltolu01
239,Kendrick Perkins,21,BOS,C,68,40,1332,0.515,4.1,0.992,0.523,0.395,0.064,0.011,0.008,0.519,0.59,0.486,0.235,0,0,0.496,,0.094,22,0,,1,0,,perkike01
240,Darius Songaila,27,CHI,PF,62,7,1329,0.481,10.5,0.99,0.332,0.132,0.134,0.391,0.01,0.481,0.552,0.477,0.47,0.427,0.4,0.803,1,0.018,8,0.2,0,0,0,,songada01
241,Steven Hunter,24,PHI,C,69,35,1312,0.601,2.1,1,0.732,0.223,0.038,0.007,0,0.601,0.695,0.385,0.182,0,,0.674,,0.337,89,,,0,0,,huntest01
242,Kirk Snyder,22,NOK,SG,68,45,1310,0.453,13.4,0.715,0.322,0.049,0.106,0.238,0.285,0.491,0.678,0.364,0.292,0.352,0.357,0.459,0.891,0.102,43,0.264,0.412,1,0,,snydeki01
243,Bernard Robinson,25,CHA,SF,66,18,1303,0.43,7,0.942,0.551,0.104,0.151,0.137,0.058,0.451,0.542,0.289,0.364,0.3,0.095,0.49,1,0.044,15,0.19,0.5,1,0,,robinbe01
244,Alonzo Mourning,35,MIA,C,65,20,1302,0.597,3.7,0.997,0.549,0.34,0.067,0.041,0.003,0.599,0.775,0.402,0.238,0.462,0,0.622,,0.241,74,0,,0,0,DPOY-86MOY-6,mournal01
245,Francisco García,24,SAC,SF,67,11,1301,0.4,15.7,0.578,0.268,0.049,0.031,0.231,0.422,0.484,0.609,0.563,0.4,0.333,0.285,0.56,0.872,0.018,5,0.336,0.283,0,0,,garcifr01
246,Theo Ratliff,32,POR,C,55,19,1301,0.571,5.4,1,0.397,0.413,0.116,0.074,0,0.571,0.733,0.474,0.545,0.286,,0.593,,0.212,38,,,0,0,,ratlith01
247,Darius Miles,24,POR,SF,40,23,1286,0.461,10.4,0.98,0.339,0.151,0.092,0.398,0.02,0.466,0.642,0.416,0.362,0.36,0.2,0.532,1,0.104,44,0.1,0,0,0,,milesda01
248,Charlie Bell,26,MIL,SG,59,6,1283,0.439,15.7,0.59,0.273,0.024,0.063,0.229,0.41,0.45,0.563,0.3,0.308,0.372,0.423,0.495,0.915,0.01,3,0.327,0.382,0,0,,bellch01
249,Johan Petro,20,SEA,C,68,41,1282,0.51,4.9,1,0.46,0.347,0.167,0.027,0,0.51,0.601,0.433,0.44,0.375,,0.673,,0.163,40,,,0,0,,petrojo01
250,Larry Hughes,27,CLE,SG,36,31,1281,0.409,12.3,0.838,0.309,0.117,0.124,0.288,0.162,0.417,0.538,0.309,0.414,0.333,0.368,0.354,0.929,0.041,16,0.224,0.176,0,0,,hughela01
251,Matt Carroll,25,CHA,SG,78,6,1275,0.403,16.9,0.611,0.166,0.065,0.086,0.294,0.389,0.412,0.456,0.387,0.415,0.393,0.389,0.6,0.972,0.002,1,0.486,0.378,0,0,,carroma01
252,Devin Harris,22,DAL,PG,56,4,1275,0.469,7.9,0.948,0.521,0.094,0.141,0.193,0.052,0.482,0.573,0.263,0.439,0.372,0.238,0.378,0.6,0.022,8,0.095,0,4,0,6MOY-20,harride01
253,Brent Barry,34,SAS,SG,74,5,1259,0.452,18.1,0.414,0.177,0.078,0.035,0.125,0.586,0.531,0.689,0.407,0.333,0.442,0.396,0.605,0.95,0.035,10,0.287,0.5,0,0,,barrybr01
254,Adrian Griffin,31,DAL,SG,52,45,1245,0.48,9.7,0.99,0.319,0.201,0.132,0.338,0.01,0.485,0.569,0.61,0.185,0.449,0,0.571,,0.015,2,0,,1,0,,griffad01
255,Salim Stoudamire,23,ATL,SG,61,1,1236,0.415,18,0.561,0.15,0.063,0.087,0.26,0.439,0.442,0.486,0.355,0.395,0.453,0.38,0.385,0.768,0.01,4,0.13,0.321,1,0,,stoudsa01
256,Orien Greene,23,BOS,PG,80,5,1235,0.395,12,0.842,0.383,0.067,0.067,0.324,0.158,0.427,0.474,0.353,0.353,0.402,0.225,0.473,0.889,0.051,12,0.125,0.2,0,0,,greenor01
257,Jacque Vaughn,30,NJN,SG,80,6,1234,0.437,13.1,0.976,0.265,0.041,0.078,0.592,0.024,0.444,0.662,0.4,0.105,0.393,0.167,0.613,1,0,0,0.5,0,0,0,,vaughja01
258,Tyronn Lue,28,ATL,PG,51,10,1234,0.459,15.4,0.696,0.215,0.086,0.117,0.278,0.304,0.46,0.422,0.361,0.429,0.534,0.457,0.216,0.569,0,0,0.102,0.385,1,0,,luety01
259,Keith McLeod,26,UTA,PG,66,32,1232,0.353,17.2,0.759,0.174,0.029,0.044,0.512,0.241,0.372,0.525,0.2,0.267,0.339,0.293,0.573,0.542,0.018,5,0.012,0,0,0,,mcleoke01
260,Mike Sweetney,23,CHI,C,66,44,1222,0.45,5.6,1,0.489,0.27,0.126,0.115,0,0.45,0.535,0.417,0.321,0.314,,0.605,,0.032,12,,,0,0,,sweetmi01
261,Maurice Taylor,29,NYK,PF,67,13,1210,0.468,9.4,0.997,0.275,0.272,0.17,0.28,0.003,0.469,0.617,0.472,0.409,0.358,0,0.489,,0.028,10,0,,1,0,,tayloma01
262,Carlos Arroyo,26,2TM,PG,77,0,1194,0.444,12.3,0.947,0.246,0.095,0.204,0.402,0.053,0.45,0.516,0.333,0.455,0.434,0.35,0.273,0.429,0,0,0.1,0,0,0,,arroyca01
263,Carlos Arroyo,26,DET,PG,50,0,600,0.363,12.4,0.962,0.248,0.07,0.223,0.42,0.038,0.364,0.436,0.091,0.457,0.318,0.333,0.327,0.5,0,0,0.167,0,0,0,,arroyca01
264,Carlos Arroyo,26,ORL,SG,27,0,594,0.502,12.3,0.937,0.244,0.113,0.19,0.389,0.063,0.512,0.574,0.44,0.452,0.523,0.357,0.245,0.4,0,0,0.071,0,0,0,,arroyca01
265,Robert Horry,35,SAS,PF,63,3,1182,0.384,17,0.507,0.178,0.106,0.079,0.144,0.493,0.399,0.558,0.29,0.522,0.214,0.368,0.576,0.906,0.034,8,0.285,0.39,1,0,,horryro01
266,Mickaël Piétrus,23,GSW,SF,52,18,1179,0.404,14.5,0.579,0.325,0.067,0.026,0.16,0.421,0.467,0.618,0.357,0.182,0.254,0.318,0.637,0.893,0.081,31,0.625,0.355,1,0,,pietrmi01
267,Travis Outlaw,21,POR,PF,69,11,1153,0.44,14.3,0.856,0.212,0.073,0.144,0.427,0.144,0.47,0.654,0.296,0.396,0.433,0.264,0.628,0.929,0.106,36,0.377,0.2,0,0,,outlatr01
268,Austin Croshere,30,IND,PF,50,26,1148,0.463,16.7,0.509,0.242,0.06,0.039,0.168,0.491,0.538,0.623,0.471,0.545,0.438,0.386,0.692,0.981,0.06,17,0.207,0.31,1,0,,croshau01
269,Maurice Evans,27,DET,SG,80,1,1139,0.452,13.3,0.66,0.32,0.05,0.126,0.164,0.34,0.493,0.642,0.412,0.326,0.357,0.371,0.658,0.977,0.106,34,0.724,0.357,0,0,,evansma01
270,Keyon Dooling,25,ORL,PG,50,7,1137,0.44,12,0.894,0.319,0.084,0.116,0.375,0.106,0.456,0.574,0.412,0.426,0.375,0.302,0.309,0.846,0.037,12,0.372,0.5,0,0,,doolike01
271,David Lee,22,NYK,SF,67,14,1129,0.596,4.5,1,0.652,0.143,0.07,0.135,0,0.596,0.68,0.303,0.188,0.71,,0.664,,0.209,41,,,0,0,,leeda02
272,Jamaal Tinsley,27,IND,PG,42,27,1122,0.409,12.1,0.819,0.246,0.215,0.166,0.192,0.181,0.449,0.505,0.518,0.359,0.378,0.229,0.225,0.75,0,0,0.214,0.2,1,0,,tinslja01
273,Etan Thomas,27,WAS,C,71,9,1121,0.533,3.2,1,0.573,0.354,0.065,0.008,0,0.533,0.681,0.333,0.313,0.5,,0.473,,0.199,48,,,0,0,,thomaet01
274,Malik Rose,31,NYK,PF,72,35,1119,0.374,7.8,0.996,0.477,0.096,0.171,0.253,0.004,0.371,0.478,0.296,0.229,0.296,1,0.683,1,0.018,3,0,,0,0,,rosema01
275,Kareem Rush,25,CHA,SG,47,25,1111,0.386,16.2,0.65,0.186,0.079,0.1,0.286,0.35,0.407,0.667,0.27,0.319,0.306,0.348,0.516,0.965,0.017,8,0.189,0.419,1,0,,rushka01
276,Keith Van Horn,30,DAL,SF,53,0,1090,0.424,13.8,0.649,0.284,0.101,0.124,0.14,0.351,0.454,0.555,0.538,0.313,0.315,0.368,0.596,1,0.052,19,0.257,0.486,1,0,,vanhoke01
277,Martell Webster,19,POR,SF,61,18,1070,0.399,17.9,0.477,0.178,0.04,0.046,0.213,0.523,0.446,0.597,0.357,0.438,0.338,0.357,0.514,0.923,0.055,16,0.368,0.358,1,0,,webstma02
278,Kevin Ollie,33,PHI,SG,70,23,1069,0.431,12.8,0.983,0.241,0.04,0.218,0.483,0.017,0.433,0.476,0.429,0.395,0.429,0.333,0.689,0,0,0,0,,0,0,,ollieke01
279,Al Jefferson,21,BOS,PF,59,7,1062,0.499,4.2,0.989,0.565,0.306,0.095,0.024,0.011,0.504,0.598,0.397,0.306,0.444,0,0.492,,0.079,29,0,,0,0,,jeffeal01
280,Derek Anderson,31,2TM,SG,43,11,1047,0.356,18,0.558,0.125,0.059,0.109,0.264,0.442,0.402,0.579,0.278,0.394,0.35,0.299,0.382,0.875,0.007,2,0.291,0.385,0,0,,anderde01
281,Derek Anderson,31,HOU,SG,20,8,582,0.393,17.7,0.613,0.127,0.064,0.104,0.318,0.387,0.462,0.682,0.455,0.444,0.382,0.284,0.408,0.789,0.012,2,0.194,0.385,0,0,,anderde01
282,Derek Anderson,31,MIA,SG,23,3,465,0.308,18.2,0.485,0.123,0.054,0.115,0.192,0.515,0.302,0.438,0,0.333,0.28,0.313,0.316,0.952,0,0,0.388,0.385,0,0,,anderde01
283,David Harrison,23,IND,C,67,17,1034,0.503,4.6,1,0.52,0.323,0.119,0.037,0,0.503,0.614,0.442,0.2,0.455,,0.703,,0.133,38,,,0,0,,harrida01
284,Ike Diogu,22,GSW,PF,69,14,1031,0.524,5.8,1,0.446,0.32,0.123,0.111,0,0.524,0.705,0.355,0.341,0.486,,0.686,,0.135,43,,,0,0,,dioguik01
285,Marc Jackson,31,2TM,C,64,10,1027,0.472,10.3,0.995,0.304,0.138,0.211,0.341,0.005,0.471,0.58,0.49,0.346,0.444,0.5,0.566,1,0.014,4,0,,0,0,,jacksma02
286,Marc Jackson,31,NJN,C,37,0,433,0.446,10,1,0.291,0.176,0.236,0.297,0,0.446,0.535,0.538,0.314,0.409,,0.591,,0.014,1,,,0,0,,jacksma02
287,Marc Jackson,31,NOK,C,27,10,594,0.489,10.6,0.991,0.312,0.113,0.195,0.371,0.009,0.489,0.609,0.44,0.372,0.463,0.5,0.551,1,0.014,3,0,,0,0,,jacksma02
288,Carlos Boozer,24,UTA,PF,33,19,1025,0.549,7.5,1,0.439,0.158,0.183,0.221,0,0.549,0.714,0.429,0.452,0.386,,0.694,,0.073,27,,,0,0,,boozeca01
289,Toni Kukoč,37,MIL,PF,65,0,1018,0.389,17.8,0.507,0.154,0.077,0.091,0.185,0.493,0.47,0.565,0.348,0.593,0.382,0.306,0.423,0.978,0.003,1,0.163,0.167,0,0,,kukocto01
290,Qyntel Woods,24,NYK,SF,49,16,1013,0.508,10.7,0.764,0.398,0.122,0.091,0.154,0.236,0.552,0.743,0.258,0.261,0.462,0.367,0.57,0.955,0.165,40,0.733,0.341,0,0,,woodsqy01
291,Michael Ruffin,29,WAS,C,76,4,1010,0.442,3.4,0.974,0.805,0.117,0.013,0.039,0.026,0.453,0.516,0.222,0,0,0,0.353,,0.195,12,0,,1,0,,ruffimi01
292,Andris Biedriņš,19,GSW,C,68,2,1000,0.638,1.9,1,0.762,0.211,0.022,0.005,0,0.638,0.73,0.359,0.25,0,,0.729,,0.216,38,,,0,0,,biedran01
293,Trevor Ariza,20,2TM,SF,57,10,999,0.412,5.8,0.978,0.606,0.106,0.08,0.186,0.022,0.416,0.54,0.25,0.222,0.19,0.2,0.511,0,0.133,26,0.6,0,1,0,,arizatr01
294,Trevor Ariza,20,NYK,SF,36,10,709,0.418,6.5,0.979,0.575,0.11,0.082,0.212,0.021,0.42,0.548,0.188,0.333,0.226,0.333,0.55,0,0.151,20,0.333,0,1,0,,arizatr01
295,Trevor Ariza,20,ORL,SF,21,0,290,0.4,5,0.975,0.663,0.1,0.075,0.138,0.025,0.41,0.528,0.375,0,0.091,0,0.438,,0.1,6,1,0,0,0,,arizatr01
296,Justin Reed,24,2TM,SF,72,6,997,0.403,8.9,0.997,0.444,0.102,0.088,0.363,0.003,0.405,0.511,0.3,0.385,0.308,0,0.681,,0.054,14,1,0,0,0,,reedju01
297,Justin Reed,24,BOS,SF,32,0,291,0.338,8.9,1,0.459,0.095,0.068,0.378,0,0.338,0.5,0,0.4,0.214,,0.8,,0.041,3,,,0,0,,reedju01
298,Justin Reed,24,MIN,SF,40,6,706,0.425,8.8,0.995,0.439,0.104,0.095,0.357,0.005,0.427,0.515,0.391,0.381,0.342,0,0.649,,0.059,11,1,0,0,0,,reedju01
299,J.R. Smith,20,NOK,SG,55,25,989,0.393,15.7,0.617,0.265,0.041,0.055,0.257,0.383,0.407,0.515,0.2,0.25,0.362,0.371,0.598,0.904,0.087,22,0.114,0.625,0,0,,smithjr01
300,Robert Swift,20,SEA,C,47,20,987,0.515,3.7,1,0.544,0.332,0.108,0.017,0,0.515,0.58,0.413,0.538,0.25,,0.669,,0.183,40,,,0,0,,swiftro01
301,Nick Van Exel,34,SAS,PG,65,2,986,0.397,17.4,0.551,0.073,0.181,0.131,0.166,0.449,0.429,0.52,0.387,0.489,0.386,0.357,0.333,0.673,0,0,0.201,0.355,1,0,,vanexni01
302,Royal Ivey,24,ATL,PG,73,66,978,0.439,12.1,0.962,0.254,0.117,0.148,0.443,0.038,0.441,0.672,0.226,0.308,0.41,0.4,0.741,1,0.004,1,0.2,0,1,0,,iveyro01
303,Tony Allen,24,BOS,PG,51,9,978,0.471,7.4,0.876,0.544,0.153,0.058,0.12,0.124,0.492,0.617,0.31,0.25,0.273,0.324,0.466,0.909,0.044,12,0.471,0.438,0,0,,allento01
304,Daniel Ewing,22,LAC,SG,66,5,971,0.38,15.8,0.694,0.247,0.039,0.078,0.329,0.306,0.424,0.524,0.3,0.35,0.381,0.282,0.56,0.818,0.012,3,0.218,0.471,2,0,,ewingda01
305,Dahntay Jones,25,MEM,SF,71,4,967,0.414,10.9,0.92,0.361,0.103,0.087,0.369,0.08,0.438,0.621,0.222,0.217,0.371,0.143,0.453,1,0.049,10,0.952,0.15,0,0,,jonesda02
306,Gordan Giriček,28,UTA,SG,37,36,956,0.433,15.6,0.846,0.204,0.037,0.086,0.52,0.154,0.457,0.641,0.429,0.424,0.392,0.305,0.743,0.889,0.013,4,0.271,0.313,0,0,,giricgo01
307,Dikembe Mutombo,39,HOU,C,64,23,955,0.526,3,1,0.695,0.168,0.116,0.021,0,0.526,0.652,0.375,0.091,0,,0.62,,0.116,9,,,0,0,,mutomdi01
308,Brian Skinner,29,2TM,C,65,5,944,0.513,4.9,1,0.456,0.388,0.081,0.075,0,0.513,0.63,0.435,0.462,0.25,,0.5,,0.056,7,,,0,0,,skinnbr01
309,Brian Skinner,29,SAC,PF,38,0,429,0.551,4.3,1,0.478,0.377,0.116,0.029,0,0.551,0.667,0.538,0.25,0,,0.447,,0.101,5,,,0,0,,skinnbr01
310,Brian Skinner,29,POR,C,27,5,515,0.484,5.5,1,0.44,0.396,0.055,0.11,0,0.484,0.6,0.361,0.8,0.3,,0.545,,0.022,2,,,0,0,,skinnbr01
311,Corey Maggette,26,LAC,SF,32,13,943,0.445,13.8,0.811,0.269,0.075,0.107,0.36,0.189,0.47,0.624,0.357,0.4,0.4,0.338,0.664,1,0.035,10,0.183,0.692,2,0,,maggeco01
312,Antonio Davis,37,2TM,PF,44,39,940,0.432,6.7,0.995,0.474,0.153,0.168,0.2,0.005,0.434,0.522,0.31,0.406,0.342,0,0.72,,0.105,18,0,,0,0,,davisan01
313,Antonio Davis,37,NYK,PF,36,31,749,0.428,7.2,0.994,0.465,0.157,0.151,0.22,0.006,0.43,0.514,0.24,0.458,0.371,0,0.765,,0.107,15,0,,0,0,,davisan01
314,Antonio Davis,37,TOR,C,8,8,191,0.452,6.3,1,0.516,0.129,0.258,0.097,0,0.452,0.563,0.75,0.25,0,,0.5,,0.097,3,,,0,0,,davisan01
315,Brian Scalabrine,27,BOS,PF,71,1,938,0.383,17.6,0.549,0.171,0.062,0.041,0.275,0.451,0.406,0.576,0.417,0.25,0.321,0.356,0.674,0.968,0.016,3,0.391,0.294,0,0,,scalabr01
316,Pat Garrity,29,ORL,PF,57,0,938,0.417,20,0.467,0.07,0.041,0.103,0.252,0.533,0.451,0.471,0.5,0.36,0.475,0.388,0.725,1,0.004,1,0.163,0.429,0,0,,garripa01
317,DerMarr Johnson,25,DEN,SG,58,21,924,0.431,16.1,0.477,0.245,0.046,0.059,0.127,0.523,0.521,0.68,0.214,0.333,0.41,0.35,0.684,0.946,0.092,25,0.6,0.323,0,0,,johnsde03
318,Michael Olowokandi,30,2TM,C,48,24,919,0.446,6.9,1,0.246,0.504,0.242,0.008,0,0.446,0.593,0.463,0.276,0,,0.626,,0.075,15,,,0,0,,olowomi01
319,Michael Olowokandi,30,MIN,C,32,24,752,0.446,6.6,1,0.262,0.497,0.231,0.01,0,0.446,0.569,0.454,0.311,0,,0.701,,0.082,13,,,0,0,,olowomi01
320,Michael Olowokandi,30,BOS,C,16,0,167,0.444,7.1,1,0.178,0.533,0.289,0,0,0.444,0.75,0.5,0.154,,,0.3,,0.044,2,,,0,0,,olowomi01
321,Joe Smith,30,MIL,PF,44,5,887,0.475,9.8,0.993,0.292,0.184,0.226,0.292,0.007,0.479,0.607,0.464,0.42,0.404,0,0.793,,0.033,9,0.5,0,0,0,,smithjo02
322,Monta Ellis,20,GSW,SG,49,3,886,0.415,11.4,0.742,0.34,0.176,0.085,0.142,0.258,0.441,0.565,0.321,0.444,0.289,0.341,0.423,0.929,0.038,10,0.524,0.395,0,0,,ellismo01
323,Dan Gadzuric,27,MIL,C,74,0,885,0.553,3.3,0.997,0.644,0.217,0.12,0.016,0.003,0.555,0.688,0.358,0.243,0.2,0,0.813,,0.301,90,0,,0,0,,gadzuda01
324,Emeka Okafor,23,CHA,PF,26,25,874,0.415,7.1,1,0.392,0.263,0.212,0.133,0,0.415,0.621,0.337,0.299,0.143,,0.664,,0.089,27,,,0,0,,okafoem01
325,Jiří Welsch,26,MIL,SF,58,2,866,0.387,13.9,0.779,0.275,0.063,0.126,0.315,0.221,0.416,0.59,0.286,0.321,0.329,0.286,0.597,0.929,0.014,3,0.286,0.286,0,0,,welscji01
326,Damon Stoudamire,32,MEM,PG,27,27,862,0.397,14.9,0.638,0.289,0.049,0.066,0.233,0.362,0.426,0.446,0.143,0.526,0.433,0.346,0.192,0.833,0,0,0.115,0.417,0,0,,stoudda01
327,Othella Harrington,32,CHI,C,72,23,824,0.495,9.5,1,0.22,0.238,0.377,0.165,0,0.495,0.55,0.477,0.524,0.378,,0.637,,0.004,1,,,0,0,,harriot01
328,Jason Hart,27,SAC,PG,66,0,818,0.389,15.4,0.86,0.172,0.086,0.054,0.548,0.14,0.405,0.553,0.211,0.333,0.397,0.29,0.571,0.778,0,0,0.355,0.273,0,0,,hartja01
329,Jake Voskuhl,28,CHA,C,51,2,818,0.437,12.5,0.989,0.226,0.073,0.218,0.471,0.011,0.438,0.644,0.263,0.386,0.39,0.333,0.779,1,0.042,9,0.333,1,1,0,,voskuja01
330,Sasha Pavlović,22,CLE,SG,53,19,813,0.41,15.9,0.547,0.255,0.066,0.052,0.175,0.453,0.448,0.574,0.214,0.091,0.459,0.365,0.558,0.914,0.038,8,0.427,0.488,0,0,,pavloal01
331,Greg Ostertag,32,UTA,C,60,22,807,0.492,3.3,1,0.726,0.105,0.081,0.089,0,0.492,0.567,0.308,0.3,0.273,,0.607,,0.137,15,,,0,0,,ostergr01
332,Troy Hudson,29,MIN,PG,36,0,800,0.381,17,0.697,0.159,0.039,0.123,0.375,0.303,0.375,0.509,0.385,0.268,0.352,0.396,0.23,0.475,0,0,0.059,0.667,0,0,,hudsotr01
333,Aaron Williams,34,2TM,C,48,5,791,0.517,5.3,1,0.523,0.199,0.136,0.142,0,0.517,0.674,0.314,0.25,0.48,,0.692,,0.17,30,,,0,0,,williaa01
334,Aaron Williams,34,TOR,C,14,3,99,0.526,4.9,1,0.474,0.316,0.211,0,0,0.526,0.778,0.333,0.25,,,0.6,,0.105,2,,,0,0,,williaa01
335,Aaron Williams,34,NOK,C,34,2,692,0.516,5.7,1,0.529,0.185,0.127,0.159,0,0.516,0.663,0.31,0.25,0.48,,0.704,,0.178,28,,,0,0,,williaa01
336,Scot Pollard,30,IND,C,45,32,771,0.455,7.4,1,0.468,0.143,0.221,0.169,0,0.455,0.569,0.409,0.412,0.231,,0.757,,0.013,2,,,0,0,,pollasc01
337,Darko Miličić,20,2TM,C,55,1,767,0.509,11,0.991,0.321,0.184,0.115,0.372,0.009,0.513,0.64,0.558,0.407,0.414,0,0.681,,0.077,16,0,,0,0,,milicda01
338,Darko Miličić,20,DET,C,25,0,140,0.515,11.7,0.939,0.364,0.03,0.061,0.485,0.061,0.548,0.75,0,0,0.5,0,0.824,,0.091,3,0,,0,0,,milicda01
339,Darko Miličić,20,ORL,C,30,1,627,0.507,10.3,1,0.313,0.209,0.124,0.353,0,0.507,0.619,0.571,0.44,0.394,,0.657,,0.075,13,,,0,0,,milicda01
340,Anderson Varejão,23,CLE,C,48,4,760,0.527,4.7,0.993,0.713,0.08,0.027,0.173,0.007,0.53,0.598,0.333,0.5,0.346,0,0.658,,0.093,13,0,,0,0,,varejan01
341,James Singleton,24,LAC,SF,59,10,753,0.51,9.8,0.868,0.411,0.152,0.066,0.238,0.132,0.511,0.71,0.217,0.2,0.444,0.5,0.582,0.8,0.146,19,0.55,0.545,0,0,,singlja01
342,Jackie Butler,20,NYK,C,55,0,740,0.544,4,1,0.516,0.381,0.065,0.037,0,0.544,0.604,0.512,0.429,0.25,,0.564,,0.037,8,,,0,0,,butleja01
343,Jake Tsakalidis,26,MEM,C,51,19,732,0.606,3.2,1,0.679,0.194,0.061,0.067,0,0.606,0.679,0.438,0.4,0.545,,0.65,,0.17,21,,,0,0,,tsakaja01
344,Carlos Delfino,23,DET,SG,68,1,726,0.403,13.5,0.735,0.345,0.018,0.075,0.296,0.265,0.428,0.526,0.25,0.235,0.373,0.333,0.648,1,0.066,13,0.483,0.414,1,0,,delfica01
345,Hakim Warrick,23,MEM,PF,68,2,724,0.443,5,1,0.518,0.25,0.158,0.075,0,0.443,0.568,0.404,0.167,0.294,,0.604,,0.189,38,,,0,0,,warriha01
346,Scott Padgett,29,NJN,PF,62,1,718,0.353,18.2,0.398,0.209,0.01,0.04,0.139,0.602,0.363,0.429,0.5,0.125,0.321,0.347,0.759,1,0,0,0.331,0.45,0,0,,padgesc01
347,Malik Allen,27,CHI,PF,54,20,701,0.49,11.5,0.996,0.186,0.186,0.291,0.332,0.004,0.488,0.435,0.522,0.472,0.512,1,0.725,0,0.028,6,0,,0,0,,allenma01
348,Mark Madsen,30,MIN,C,62,7,676,0.409,5,0.894,0.591,0.258,0.045,0,0.106,0.458,0.538,0.353,0,,0,0.667,,0.121,7,0,,0,0,,madsema01
349,Tim Thomas,28,2TM,SF,29,10,666,0.431,15.3,0.576,0.225,0.111,0.092,0.149,0.424,0.444,0.576,0.448,0.167,0.41,0.414,0.463,0.978,0.034,9,0.27,0.533,0,0,,thomati01
350,Tim Thomas,28,CHI,SF,3,0,32,0.375,15.3,0.625,0.188,0.063,0.188,0.188,0.375,0.5,0.333,0,0.667,0.667,0.167,0.8,1,0.063,1,0.333,0,0,0,,thomati01
351,Tim Thomas,28,PHO,PF,26,10,634,0.435,15.4,0.573,0.228,0.114,0.085,0.146,0.427,0.44,0.589,0.464,0.095,0.389,0.429,0.435,0.978,0.033,8,0.267,0.571,0,0,,thomati01
352,Jason Kapono,24,MIA,SF,51,2,665,0.446,17.3,0.701,0.113,0.068,0.102,0.418,0.299,0.468,0.7,0.167,0.5,0.446,0.396,0.655,1,0,0,0.415,0.455,0,0,,kaponja01
353,Ryan Bowen,30,HOU,SF,68,19,652,0.298,13.5,0.823,0.298,0.032,0.097,0.395,0.177,0.333,0.514,0.25,0.167,0.245,0.136,0.824,1,0,0,0.545,0.167,0,0,,bowenry01
354,Jannero Pargo,26,CHI,PG,57,0,646,0.373,19.4,0.647,0.065,0.021,0.14,0.421,0.353,0.37,0.368,0.333,0.317,0.39,0.379,0.429,0.718,0,0,0.32,0.455,2,0,,pargoja01
355,Shandon Anderson,32,MIA,SF,48,1,638,0.429,13.3,0.849,0.246,0.087,0.135,0.381,0.151,0.458,0.548,0.455,0.294,0.458,0.263,0.816,1,0,0,0.474,0.333,0,0,,andersh01
356,Matt Barnes,25,2TM,SF,56,5,631,0.5,8.7,0.893,0.493,0.193,0.043,0.164,0.107,0.536,0.609,0.444,0.5,0.435,0.2,0.701,1,0.064,9,0.733,0.182,0,0,,barnema02
357,Matt Barnes,25,NYK,SF,6,5,93,0.367,10.3,0.867,0.367,0.2,0.067,0.233,0.133,0.385,0.636,0.333,0,0.143,0.25,0.7,1,0.067,2,1,0.25,0,0,,barnema02
358,Matt Barnes,25,PHI,PF,50,0,538,0.536,7.1,0.9,0.527,0.191,0.036,0.145,0.1,0.576,0.603,0.476,0.75,0.563,0.182,0.702,1,0.064,7,0.636,0.143,0,0,,barnema02
359,Darrell Armstrong,37,DAL,PG,62,2,622,0.336,16.4,0.625,0.227,0.07,0.047,0.281,0.375,0.4,0.483,0.444,0.333,0.333,0.229,0.375,0.818,0,0,0.333,0.438,2,0,,armstda01
360,Kris Humphries,20,UTA,PF,62,2,619,0.379,9,0.975,0.345,0.177,0.217,0.236,0.025,0.389,0.529,0.361,0.318,0.271,0,0.61,,0.079,14,0.4,0,0,0,,humphkr01
361,Grant Hill,33,ORL,SF,21,17,613,0.49,10.5,0.967,0.325,0.074,0.313,0.255,0.033,0.498,0.658,0.333,0.434,0.419,0.25,0.333,0.5,0.033,8,0.5,0.25,0,0,,hillgr01
362,Rafael Araújo,25,TOR,C,52,34,601,0.366,6.8,0.993,0.386,0.29,0.214,0.103,0.007,0.368,0.464,0.262,0.355,0.333,0,0.792,,0.055,8,1,0,0,0,,araujra01
363,Zoran Planinić,23,NJN,PG,56,1,596,0.361,12.7,0.694,0.393,0.098,0.071,0.131,0.306,0.417,0.5,0.389,0.231,0.292,0.232,0.415,0.846,0.005,1,0.321,0.444,4,1,,planizo01
364,Pape Sow,24,TOR,C,42,25,590,0.431,4,1,0.667,0.154,0.081,0.098,0,0.431,0.488,0.316,0.1,0.5,,0.642,,0.146,13,,,0,0,,sowpa01
365,Anthony Carter,30,MIN,PG,45,8,589,0.387,13.3,0.891,0.35,0.044,0.029,0.467,0.109,0.402,0.458,0.667,0.25,0.344,0.267,0.49,0.5,0.007,1,0.133,0,3,0,,cartean01
366,Beno Udrih,23,SAS,PG,54,3,586,0.455,12.7,0.7,0.335,0.099,0.12,0.146,0.3,0.503,0.59,0.391,0.536,0.353,0.343,0.537,0.917,0,0,0.357,0.36,1,0,,udrihbe01
367,Mikki Moore,30,SEA,C,47,1,583,0.435,9,0.984,0.387,0.161,0.129,0.306,0.016,0.443,0.646,0.3,0.313,0.316,0,0.648,,0.177,19,0.5,0,0,0,,mooremi01
368,Lamond Murray,32,NJN,SF,57,1,576,0.398,17,0.569,0.199,0.039,0.061,0.271,0.431,0.437,0.583,0.429,0.364,0.347,0.346,0.689,1,0.039,7,0.385,0.367,0,0,,murrala01
369,Antonio Burks,25,MEM,PG,57,1,570,0.354,12.3,0.958,0.326,0.069,0.083,0.479,0.042,0.362,0.447,0.2,0.25,0.348,0.167,0.22,0,0,0,0.167,0,1,0,,burksan01
370,Chris Andersen,27,NOK,C,32,2,570,0.571,2.7,1,0.827,0.031,0.051,0.092,0,0.571,0.617,0.333,0.4,0.333,,0.536,,0.245,20,,,0,0,,anderch01
371,Alan Anderson,23,CHA,SF,36,7,564,0.414,12.6,0.68,0.37,0.083,0.044,0.182,0.32,0.415,0.537,0.267,0.375,0.242,0.414,0.569,0.875,0.066,11,0.621,0.472,0,0,,anderal01
372,Chuck Hayes,22,HOU,PF,40,0,535,0.562,1.7,0.99,0.848,0.114,0.01,0.019,0.01,0.567,0.596,0.5,0,0,0,0.593,,0.048,4,0,,1,0,,hayesch01
373,Alan Henderson,33,CLE,C,51,3,531,0.516,2.3,1,0.813,0.11,0.066,0.011,0,0.516,0.581,0.2,0.333,0,,0.681,,0.099,7,,,0,0,,hendeal01
374,Linton Johnson,25,2TM,SF,36,7,524,0.409,9.6,0.758,0.302,0.134,0.067,0.255,0.242,0.425,0.644,0.2,0.1,0.368,0.361,0.479,1,0.04,6,0.667,0.333,0,0,,johnsli01
375,Linton Johnson,25,NJN,SF,9,0,35,0.5,6.3,1,0.5,0.2,0.1,0.2,0,0.5,0.6,0.5,0,0.5,,1,,0.1,1,,,0,0,,johnsli01
376,Linton Johnson,25,NOK,SF,27,7,489,0.403,12.9,0.741,0.288,0.129,0.065,0.259,0.259,0.417,0.65,0.167,0.111,0.361,0.361,0.419,1,0.036,5,0.667,0.333,0,0,,johnsli01
377,Linas Kleiza,21,DEN,PF,61,2,519,0.445,9.5,0.925,0.468,0.075,0.04,0.341,0.075,0.469,0.605,0.462,0,0.339,0.154,0.8,1,0.064,10,0.308,0,1,0,,kleizli01
378,Jarvis Hayes,24,WAS,SG,21,13,516,0.421,15.3,0.743,0.169,0.115,0.142,0.317,0.257,0.441,0.548,0.286,0.538,0.397,0.362,0.65,1,0.027,4,0.277,0.231,0,0,,hayesja01
379,Jim Jackson,35,2TM,SF,40,1,512,0.294,19.4,0.538,0.081,0.05,0.069,0.338,0.463,0.337,0.538,0.25,0.455,0.278,0.243,0.552,0.833,0,0,0.351,0.269,0,0,,jacksji01
380,Jim Jackson,35,PHO,SF,27,1,420,0.295,20,0.512,0.085,0.039,0.07,0.318,0.488,0.364,0.545,0,0.556,0.317,0.222,0.542,0.786,0,0,0.349,0.273,0,0,,jacksji01
381,Jim Jackson,35,LAL,SF,13,0,92,0.29,18.9,0.645,0.065,0.097,0.065,0.419,0.355,0.25,0.5,0.667,0,0.154,0.364,0.6,1,0,0,0.364,0.25,0,0,,jacksji01
382,Žarko Čabarkapa,24,GSW,PF,61,0,505,0.385,10,0.885,0.356,0.19,0.103,0.236,0.115,0.403,0.548,0.394,0.222,0.268,0.25,0.613,1,0.075,13,0.2,0.25,0,0,,cabarza01
383,Boštjan Nachbar,25,2TM,SF,36,13,502,0.346,15.7,0.545,0.224,0.064,0.058,0.199,0.455,0.412,0.6,0.1,0.111,0.387,0.268,0.514,0.947,0.038,5,0.31,0.273,0,0,,nachbbo01
384,Boštjan Nachbar,25,NOK,PF,25,13,405,0.339,16.7,0.54,0.202,0.065,0.073,0.202,0.46,0.373,0.56,0.125,0.111,0.36,0.298,0.4,0.941,0.024,3,0.246,0.357,0,0,,nachbbo01
385,Boštjan Nachbar,25,NJN,SF,11,0,97,0.375,14.7,0.563,0.313,0.063,0,0.188,0.438,0.556,0.7,0,,0.5,0.143,0.8,1,0.094,2,0.571,0.125,0,0,,nachbbo01
386,Esteban Batista,22,ATL,PF,57,3,495,0.425,1.3,0.988,0.85,0.125,0.013,0,0.013,0.43,0.471,0.2,0,,0,0.441,,0.05,4,0,,0,0,,batises01
387,Fabricio Oberto,30,SAS,C,59,0,490,0.473,6.7,0.978,0.495,0.183,0.247,0.054,0.022,0.484,0.674,0.294,0.261,0.4,0,0.591,,0.022,2,0,,1,0,,obertfa01
388,Shavlik Randolph,22,PHI,PF,57,1,487,0.454,2.4,1,0.711,0.216,0.041,0.031,0,0.454,0.536,0.286,0,0.333,,0.545,,0.186,17,,,0,0,,randosh01
389,Jeff McInnis,31,NJN,SG,28,1,486,0.441,12.8,0.888,0.168,0.238,0.21,0.273,0.112,0.472,0.583,0.471,0.333,0.513,0.188,0.433,1,0,0,0.188,0,1,0,,mcinnje01
390,Donell Taylor,23,WAS,SG,51,1,465,0.39,11.7,0.875,0.36,0.096,0.051,0.368,0.125,0.412,0.51,0.308,0.429,0.34,0.235,0.551,0.5,0.015,2,0.235,0.25,0,0,,taylodo01
391,Voshon Lenard,32,2TM,SG,26,6,458,0.393,17.9,0.592,0.162,0.031,0.084,0.314,0.408,0.442,0.516,0,0.5,0.433,0.321,0.66,0.96,0,0,0.205,0.375,0,0,,lenarvo01
392,Voshon Lenard,32,DEN,SG,12,6,238,0.408,16.9,0.66,0.165,0.029,0.136,0.33,0.34,0.471,0.529,0,0.5,0.471,0.286,0.75,0.9,0,0,0.2,0.429,0,0,,lenarvo01
393,Voshon Lenard,32,POR,SG,14,0,220,0.375,18.9,0.511,0.159,0.034,0.023,0.295,0.489,0.4,0.5,0,0.5,0.385,0.349,0.5,1,0,0,0.209,0.333,0,0,,lenarvo01
394,Calbert Cheaney,34,GSW,SF,42,0,448,0.389,15.2,0.926,0.111,0.12,0.13,0.565,0.074,0.42,0.333,0.385,0.286,0.475,0,0.619,,0.009,1,0.375,0,1,0,,cheanca01
395,Josh Powell,23,DAL,PF,37,2,429,0.457,8.2,1,0.358,0.272,0.099,0.272,0,0.457,0.586,0.318,0.5,0.409,,0.649,,0.062,5,,,0,0,,poweljo01
396,Moochie Norris,32,2TM,PG,45,0,424,0.411,13.4,0.875,0.268,0.116,0.054,0.438,0.125,0.429,0.467,0.308,0.333,0.449,0.286,0.452,0.5,0,0,0.143,0,0,0,,norrimo01
397,Moochie Norris,32,HOU,PG,29,0,241,0.4,11.9,0.923,0.323,0.092,0.062,0.446,0.077,0.433,0.333,0.5,0.25,0.517,0,0.615,,0,0,0.2,0,0,0,,norrimo01
398,Moochie Norris,32,NOK,PG,16,0,183,0.426,15,0.809,0.191,0.149,0.043,0.426,0.191,0.421,0.778,0.143,0.5,0.35,0.444,0.188,0.5,0,0,0.111,0,0,0,,norrimo01
399,Wayne Simien,22,MIA,PF,43,2,414,0.483,9.5,1,0.275,0.217,0.267,0.242,0,0.483,0.667,0.385,0.344,0.517,,0.586,,0.025,3,,,0,0,,simiewa01
400,Željko Rebrača,33,LAC,C,29,2,412,0.542,6.4,1,0.281,0.479,0.229,0.01,0,0.542,0.704,0.478,0.455,1,,0.788,,0.01,1,,,0,0,,rebraze01
401,Jerome James,30,NYK,C,45,9,406,0.463,5.4,1,0.388,0.397,0.174,0.041,0,0.463,0.681,0.396,0.19,0.2,,0.518,,0.174,18,,,0,0,,jamesje01
402,Jackson Vroman,24,NOK,PF,41,2,406,0.394,3.2,1,0.712,0.167,0.061,0.061,0,0.394,0.489,0.273,0,0,,0.577,,0.152,9,,,0,0,,vromaja01
403,Brian Cardinal,28,MEM,PF,36,0,402,0.414,14.9,0.739,0.216,0.072,0.153,0.297,0.261,0.402,0.583,0.25,0.353,0.333,0.448,0.788,1,0,0,0.31,0.778,1,0,,cardibr01
404,Lonny Baxter,27,2TM,PF,41,0,400,0.433,5,1,0.625,0.163,0.106,0.106,0,0.433,0.569,0.176,0.182,0.273,,0.556,,0.058,6,,,0,0,,baxtelo01
405,Lonny Baxter,27,HOU,C,23,0,281,0.458,3.8,1,0.667,0.167,0.083,0.083,0,0.458,0.583,0.167,0,0.5,,0.515,,0.056,4,,,0,0,,baxtelo01
406,Lonny Baxter,27,CHA,PF,18,0,119,0.375,6.3,1,0.531,0.156,0.156,0.156,0,0.375,0.529,0.2,0.4,0,,0.667,,0.063,2,,,0,0,,baxtelo01
407,Sean May,21,CHA,PF,23,1,398,0.409,10.5,0.971,0.304,0.181,0.129,0.357,0.029,0.422,0.577,0.452,0.318,0.311,0,0.671,,0.029,5,0,,1,0,,mayse01
408,Howard Eisley,33,2TM,PG,32,0,394,0.33,17.5,0.592,0.117,0.068,0.049,0.359,0.408,0.344,0.417,0.286,0.2,0.351,0.31,0.143,0.462,0,0,0.167,0.571,1,0,,eisleho01
409,Howard Eisley,33,LAC,PG,13,0,112,0.235,15.9,0.765,0.118,0.118,0.118,0.412,0.235,0.231,0,0.5,0.5,0.143,0.25,0,0,0,0,0.25,0,0,0,,eisleho01
410,Howard Eisley,33,DEN,PG,19,0,282,0.349,19.2,0.558,0.116,0.058,0.035,0.349,0.442,0.375,0.5,0.2,0,0.4,0.316,0.167,0.5,0,0,0.158,0.667,1,0,,eisleho01
411,Stacey Augmon,37,ORL,SF,36,3,385,0.342,6.9,1,0.342,0.342,0.233,0.082,0,0.342,0.56,0.24,0.176,0.333,,0.56,,0.041,3,,,0,0,,augmost01
412,Tony Delk,32,2TM,SG,24,0,385,0.441,19,0.708,0.161,0.112,0.124,0.311,0.292,0.447,0.692,0.278,0.3,0.44,0.426,0.392,0.7,0,0,0.128,0.167,1,0,,delkto01
413,Tony Delk,32,ATL,SG,1,0,7,0,21.8,1,0,0,0,1,0,0,,,,0,,,,0,0,,,0,0,,delkto01
414,Tony Delk,32,DET,PG,23,0,378,0.444,16.2,0.706,0.163,0.113,0.125,0.306,0.294,0.451,0.692,0.278,0.3,0.449,0.426,0.392,0.7,0,0,0.128,0.167,1,0,,delkto01
415,Gerald Green,20,BOS,SG,32,3,374,0.478,13.3,0.855,0.225,0.138,0.145,0.348,0.145,0.508,0.581,0.526,0.55,0.438,0.3,0.533,0.667,0.116,13,0.4,0.25,1,1,,greenge01
416,Michael Doleac,28,MIA,C,31,3,371,0.42,11.5,1,0.227,0.182,0.159,0.432,0,0.42,0.4,0.438,0.357,0.447,,0.757,,0.023,1,,,0,0,,doleami01
417,Antoine Wright,21,NJN,SG,39,0,370,0.358,9.3,0.815,0.506,0.062,0.074,0.173,0.185,0.424,0.537,0.2,0.167,0.286,0.067,0.786,1,0.062,5,0.6,0.111,0,0,,wrighan01
418,Michael Bradley,26,PHI,PF,46,1,367,0.405,9,0.937,0.418,0.177,0.152,0.19,0.063,0.419,0.545,0.5,0.333,0.133,0.2,0.677,1,0.013,1,0.2,0,2,0,,bradlmi01
419,Corliss Williamson,32,SAC,SF,37,0,362,0.417,7.1,0.981,0.369,0.34,0.136,0.136,0.019,0.406,0.5,0.457,0.214,0.214,1,0.537,1,0.029,3,1,1,0,0,,willico02
420,Bo Outlaw,34,ORL,PF,32,0,355,0.603,2.7,1,0.69,0.241,0.034,0.034,0,0.603,0.7,0.357,0.5,0.5,,0.6,,0.034,2,,,0,0,,outlabo01
421,Walter McCarty,31,LAC,SF,36,1,353,0.333,17,0.545,0.202,0.071,0.141,0.131,0.455,0.426,0.45,0.286,0.429,0.462,0.222,0.696,1,0.01,1,0.133,0,1,0,,mccarwa01
422,Ira Newble,31,CLE,SG,36,3,353,0.298,13.2,0.772,0.333,0.088,0.105,0.246,0.228,0.318,0.526,0.4,0.167,0.071,0.231,0.571,1,0.053,2,0.615,0.125,1,0,,newblir01
423,Lindsey Hunter,35,DET,PG,30,1,353,0.37,17.5,0.57,0.18,0.04,0.08,0.27,0.43,0.456,0.5,0.25,0.375,0.481,0.256,0.462,0.727,0,0,0.302,0.308,0,0,,hunteli01
424,Vitaly Potapenko,30,2TM,C,33,12,353,0.521,8.3,1,0.38,0.31,0.268,0.042,0,0.521,0.519,0.545,0.526,0.333,,0.784,,0,0,,,0,0,,potapvi01
425,Vitaly Potapenko,30,SEA,C,24,12,321,0.5,6,1,0.422,0.297,0.25,0.031,0,0.5,0.519,0.579,0.438,0,,0.75,,0,0,,,0,0,,potapvi01
426,Vitaly Potapenko,30,SAC,C,9,0,32,0.714,10.6,1,0,0.429,0.429,0.143,0,0.714,,0.333,1,1,,1,,0,0,,,0,0,,potapvi01
427,Eric Williams,33,TOR,SF,28,11,352,0.387,13.1,0.76,0.187,0.227,0.147,0.2,0.24,0.421,0.429,0.471,0.182,0.533,0.278,0.417,0.8,0.013,1,0.556,0.1,0,0,,willier01
428,Mike Wilks,26,2TM,PG,47,0,348,0.322,14,0.789,0.278,0.133,0.067,0.311,0.211,0.366,0.48,0.083,0.333,0.393,0.158,0.231,0.667,0,0,0.158,0.333,2,0,,wilksmi01
429,Mike Wilks,26,CLE,PG,37,0,243,0.288,13.9,0.763,0.305,0.136,0.051,0.271,0.237,0.333,0.5,0,0.333,0.313,0.143,0.333,1,0,0,0.214,0.333,2,0,,wilksmi01
430,Mike Wilks,26,SEA,PG,10,0,105,0.387,14.2,0.839,0.226,0.129,0.097,0.387,0.161,0.423,0.429,0.25,0.333,0.5,0.2,0.091,0,0,0,0,,0,0,,wilksmi01
431,Pat Burke,32,PHO,C,42,0,346,0.496,10.5,0.945,0.339,0.15,0.134,0.323,0.055,0.508,0.721,0.421,0.412,0.366,0.286,0.754,1,0.102,12,0,,0,0,,burkepa01
432,Sergei Monia,22,2TM,SF,26,15,343,0.333,16.8,0.609,0.333,0.092,0.023,0.161,0.391,0.377,0.414,0.25,0,0.429,0.265,0.5,0.889,0.08,4,0.529,0.278,0,0,,moniase01
433,Sergei Monia,22,POR,SF,23,15,336,0.341,13.3,0.612,0.341,0.094,0.024,0.153,0.388,0.385,0.414,0.25,0,0.462,0.273,0.5,0.889,0.082,4,0.545,0.278,0,0,,moniase01
434,Sergei Monia,22,SAC,SF,3,0,7,0,20.2,0.5,0,0,0,0.5,0.5,0,,,,0,0,,,0,0,0,,0,0,,moniase01
435,Jon Barry,36,HOU,SG,20,0,342,0.385,18.2,0.508,0.169,0.015,0.077,0.246,0.492,0.394,0.455,0,0.2,0.438,0.375,0.692,0.833,0,0,0.25,0.25,0,0,,barryjo01
436,Richie Frahm,28,2TM,SG,33,0,342,0.39,19.9,0.3,0.13,0.01,0.05,0.11,0.7,0.533,0.692,1,0.2,0.455,0.329,0.75,1,0.03,3,0.414,0.31,0,0,,frahmri01
437,Richie Frahm,28,MIN,SG,25,0,225,0.369,20.5,0.262,0.123,0,0.062,0.077,0.738,0.529,0.625,,0.25,0.6,0.313,0.778,1,0.015,1,0.417,0.35,0,0,,frahmri01
438,Richie Frahm,28,HOU,SG,8,0,117,0.429,19.2,0.371,0.143,0.029,0.029,0.171,0.629,0.538,0.8,1,0,0.333,0.364,0.714,1,0.057,2,0.409,0.222,0,0,,frahmri01
439,Kevin Burleson,26,CHA,PG,39,1,340,0.25,20.3,0.386,0.159,0.023,0.068,0.136,0.614,0.353,0.5,0.5,0.167,0.25,0.185,0.167,0.6,0.011,1,0.074,0.25,3,0,,burleke01
440,Darrick Martin,34,TOR,PG,40,0,339,0.351,17.2,0.588,0.206,0.052,0.031,0.299,0.412,0.316,0.35,0.4,0.333,0.276,0.4,0.056,0.875,0,0,0.3,0.333,0,0,,martida01
441,Andrew Bynum,18,LAL,C,46,0,338,0.402,3.4,1,0.573,0.366,0.049,0.012,0,0.402,0.468,0.333,0.25,0,,0.576,,0.11,8,,,0,0,,bynuman01
442,Kelvin Cato,31,2TM,C,27,0,333,0.429,8.4,1,0.393,0.286,0.167,0.155,0,0.429,0.667,0.208,0.286,0.385,,0.833,,0.143,10,,,0,0,,catoke01
443,Kelvin Cato,31,ORL,C,23,0,299,0.431,6.2,1,0.417,0.306,0.153,0.125,0,0.431,0.633,0.227,0.364,0.333,,0.806,,0.153,9,,,0,0,,catoke01
444,Kelvin Cato,31,DET,C,4,0,34,0.417,10.6,1,0.25,0.167,0.25,0.333,0,0.417,1,0,0,0.5,,1,,0.083,1,,,0,0,,catoke01
445,Loren Woods,27,TOR,C,27,4,324,0.475,4.3,0.983,0.661,0.136,0.102,0.085,0.017,0.483,0.641,0.25,0,0.2,0,0.357,,0.153,7,0,,0,0,,woodslo01
446,Luke Jackson,24,CLE,SF,36,0,315,0.341,15.2,0.576,0.235,0.094,0.059,0.188,0.424,0.347,0.45,0.25,0,0.375,0.333,0.412,0.917,0,0,0.528,0.263,0,0,,jackslu02
447,John Edwards,24,ATL,C,40,4,296,0.484,7.5,1,0.406,0.172,0.25,0.172,0,0.484,0.615,0.091,0.688,0.273,,0.806,,0.094,6,,,0,0,,edwarjo01
448,Andre Barrett,23,2TM,PG,19,0,282,0.365,12.8,0.865,0.308,0.096,0.077,0.385,0.135,0.4,0.469,0.5,0.5,0.3,0.143,0.222,0.5,0,0,0.429,0.167,0,0,,barrean01
449,Andre Barrett,23,PHO,PG,2,0,21,0.429,12.9,0.857,0.286,0,0.286,0.286,0.143,0.5,0.5,,0.5,0.5,0,0.333,,0,0,1,0,0,0,,barrean01
450,Andre Barrett,23,TOR,PG,17,0,261,0.361,12.7,0.866,0.309,0.103,0.062,0.392,0.134,0.393,0.467,0.5,0.5,0.289,0.154,0.212,0.5,0,0,0.385,0.2,0,0,,barrean01
451,Laron Profit,28,LAL,SG,25,1,279,0.476,12.2,0.786,0.393,0.06,0.036,0.298,0.214,0.561,0.788,0.2,0.667,0.32,0.167,0.649,1,0.095,8,0.222,0.25,1,0,,profila01
452,Danny Fortson,29,SEA,C,23,1,276,0.529,1.4,1,0.725,0.275,0,0,0,0.529,0.622,0.286,,,,0.444,,0,0,,,0,0,,fortsda01
453,Brandon Bass,20,NOK,PF,29,1,268,0.4,6.7,1,0.457,0.214,0.171,0.157,0,0.4,0.563,0.4,0.167,0.182,,0.607,,0.086,6,,,0,0,,bassbr01
454,Ronald Dupree,25,MIN,SF,36,0,265,0.524,7.9,0.984,0.54,0.063,0.095,0.286,0.016,0.532,0.676,0.5,0.167,0.389,0,0.667,,0.19,11,1,0,0,0,,duprero01
455,Calvin Booth,29,WAS,C,33,2,250,0.426,10.9,0.957,0.319,0.064,0.277,0.298,0.043,0.422,0.667,0,0.385,0.286,0.5,0.684,1,0.085,3,0,,0,0,,boothca01
456,Brian Grant,33,PHO,C,21,2,248,0.415,13.6,1,0.2,0.031,0.169,0.6,0,0.415,0.538,1,0.455,0.333,,0.889,,0.015,1,,,0,0,,grantbr01
457,Travis Diener,23,ORL,PG,23,0,246,0.42,24.4,0.174,0,0,0.014,0.159,0.826,0.333,,,0,0.364,0.439,1,0.8,0,0,0.228,0.615,1,0,,dienetr01
458,Rick Brunson,33,2TM,PG,27,0,246,0.389,14.8,0.759,0.222,0,0.167,0.37,0.241,0.39,0.5,,0.333,0.35,0.385,0.625,1,0,0,0.692,0.444,0,0,,brunsri01
459,Rick Brunson,33,SEA,PG,4,0,31,0.625,14.3,0.875,0.125,0,0.5,0.25,0.125,0.714,1,,0.5,1,0,0.2,,0,0,1,0,0,0,,brunsri01
460,Rick Brunson,33,HOU,PG,23,0,215,0.348,15.4,0.739,0.239,0,0.109,0.391,0.261,0.324,0.455,,0.2,0.278,0.417,0.818,1,0,0,0.667,0.5,0,0,,brunsri01
461,Rawle Marshall,23,DAL,SF,23,9,241,0.4,7.5,0.95,0.45,0.167,0.2,0.133,0.05,0.404,0.667,0.2,0.167,0.125,0.333,0.478,1,0.067,3,0.333,0,0,0,,marshra01
462,Gerald Fitch,23,MIA,PG,18,1,239,0.337,15.5,0.708,0.18,0.157,0.056,0.315,0.292,0.365,0.375,0.5,0.6,0.25,0.269,0.304,0.857,0,0,0.192,0.2,2,1,,fitchge01
463,D.J. Mbenga,25,DAL,C,43,1,237,0.533,7.7,0.983,0.317,0.267,0.317,0.083,0.017,0.542,0.684,0.375,0.474,0.8,0,0.688,,0.067,4,0,,0,0,,mbengdj01
464,Lee Nailon,30,PHI,PF,22,0,237,0.5,9.3,1,0.338,0.138,0.263,0.263,0,0.5,0.778,0.273,0.333,0.429,,0.725,,0.013,1,,,0,0,,nailole01
465,Dan Dickau,27,BOS,PG,19,0,234,0.37,17,0.565,0.239,0.022,0.087,0.217,0.435,0.269,0.273,0,0,0.4,0.5,0.286,0.6,0,0,0.4,0.375,1,0,,dickada01
466,Mateen Cleaves,28,SEA,PG,27,0,230,0.352,14.2,0.775,0.296,0.085,0.042,0.352,0.225,0.382,0.429,0.167,0,0.44,0.25,0.381,1,0,0,0.063,0,2,0,,cleavma01
467,Eric Piatkowski,35,CHI,SG,29,1,228,0.393,18.2,0.459,0.197,0.016,0.033,0.213,0.541,0.536,0.667,0,0,0.538,0.273,0.8,1,0,0,0.455,0.2,0,0,,piatker01
468,Mario Kasun,25,ORL,C,28,0,213,0.449,2.1,1,0.725,0.203,0.058,0.014,0,0.449,0.56,0.071,0.25,1,,0.613,,0.159,11,,,0,0,,kasunma01
469,Ha Seung-Jin,20,POR,C,27,4,212,0.581,1.6,1,0.806,0.194,0,0,0,0.581,0.68,0.167,,,,0.611,,0.387,10,,,0,0,,seungha01
470,Robert Whaley,23,UTA,C,23,0,212,0.404,6.4,1,0.491,0.193,0.158,0.158,0,0.404,0.5,0.455,0.222,0.222,,0.565,,0.035,1,,,0,0,,whalero01
471,Andre Owens,25,UTA,PG,23,2,210,0.365,14.4,0.784,0.297,0.054,0.041,0.392,0.216,0.414,0.318,0.75,0.333,0.448,0.188,0.625,1,0,0,0.063,0,1,0,,owensan01
472,Charles Smith,30,2TM,SG,22,4,210,0.417,20.7,0.472,0.194,0.042,0.028,0.208,0.528,0.441,0.5,0,0.5,0.467,0.395,0.933,1,0.014,1,0.395,0.333,0,0,,smithch04
473,Charles Smith,30,POR,SG,21,4,208,0.423,17.5,0.479,0.197,0.042,0.028,0.211,0.521,0.441,0.5,0,0.5,0.467,0.405,0.933,1,0.014,1,0.378,0.357,0,0,,smithch04
474,Charles Smith,30,DEN,SG,1,0,2,0,23.8,0,0,0,0,0,1,,,,,,0,,,0,0,1,0,0,0,,smithch04
475,C.J. Miles,18,UTA,PG,23,0,203,0.368,16.1,0.737,0.224,0.053,0.026,0.434,0.263,0.411,0.471,0.5,0,0.394,0.25,0.652,1,0.013,1,0.2,0,1,0,,milescj01
476,Jermaine Jackson,29,MIL,PG,30,2,202,0.423,11.6,0.846,0.346,0.115,0.269,0.115,0.154,0.455,0.333,0.667,0.429,0.667,0.25,0.7,0,0,0,0.25,1,0,0,,jacksje01
477,Terence Morris,27,ORL,SF,22,0,192,0.327,14.6,0.959,0.204,0.02,0.122,0.612,0.041,0.34,0.6,0,0.167,0.3,0,0.875,,0,0,0,,0,0,,morrite01
478,Doug Christie,35,DAL,SG,7,7,185,0.346,13.8,0.962,0.192,0.115,0.154,0.5,0.038,0.36,0.4,0,0.25,0.462,0,1,,0,0,1,0,0,0,,chrisdo01
479,Lawrence Roberts,23,MEM,C,33,0,181,0.455,8.3,0.955,0.455,0.205,0.091,0.205,0.045,0.476,0.65,0.222,0.75,0.222,0,0.75,,0.091,4,0,,0,0,,roberla01
480,Sean Marks,30,SAS,PF,25,0,181,0.521,16.5,0.958,0.141,0.028,0.056,0.732,0.042,0.544,0.7,1,0.5,0.5,0,0.892,,0.085,6,0.333,0,0,0,,marksse01
481,Dale Davis,36,DET,C,28,2,178,0.375,7.1,0.958,0.542,0.042,0.292,0.083,0.042,0.391,0.538,0,0.143,0.5,0,0.556,,0.083,2,1,0,0,0,,davisda01
482,Andray Blatche,19,WAS,PF,29,0,175,0.388,13.2,0.806,0.299,0.09,0.09,0.328,0.194,0.426,0.55,0.167,0.333,0.409,0.231,0.435,0.667,0.06,4,0.538,0,0,0,,blatcan01
483,Stephen Graham,23,3TM,SG,22,0,175,0.389,15.3,0.815,0.333,0.019,0.222,0.241,0.185,0.432,0.389,0,0.417,0.538,0.2,0.684,1,0.056,2,0.4,0.25,0,0,,grahast01
484,Stephen Graham,23,HOU,SG,6,0,38,0.375,13.1,0.688,0.313,0,0.313,0.063,0.313,0.455,0.6,,0.4,0,0.2,0.8,1,0.063,1,0.2,0,0,0,,grahast01
485,Stephen Graham,23,CHI,SG,3,0,20,0.2,22.4,0.2,0,0,0.2,0,0.8,0,,,0,,0.25,,1,0,0,0.5,0.5,0,0,,grahast01
486,Stephen Graham,23,CLE,SG,13,0,117,0.424,10.5,0.97,0.394,0.03,0.182,0.364,0.03,0.438,0.308,0,0.5,0.583,0,0.643,,0.061,1,1,0,0,0,,grahast01
487,Will Bynum,23,GSW,PG,15,0,162,0.404,10.5,0.827,0.423,0.135,0.058,0.212,0.173,0.442,0.636,0.143,0.333,0.273,0.222,0.105,1,0.058,2,0.111,0,1,0,,bynumwi01
488,Ronny Turiaf,23,LAL,C,23,1,161,0.5,5.4,1,0.567,0.233,0.1,0.1,0,0.5,0.588,0.143,0.667,0.667,,0.6,,0.133,4,,,0,0,,turiaro01
489,Jason Maxiell,22,DET,PF,26,0,159,0.426,9,1,0.389,0.056,0.352,0.204,0,0.426,0.619,0,0.421,0.182,,0.652,,0.167,8,,,0,0,,maxieja01
490,Willie Green,24,PHI,SG,10,2,153,0.424,16.3,0.712,0.121,0.136,0.091,0.364,0.288,0.383,0.625,0.333,0.333,0.333,0.526,0.278,1,0,0,0.263,0.2,0,0,,greenwi01
491,Boniface N'Dong,28,LAC,C,23,1,152,0.415,10.1,0.981,0.245,0.226,0.245,0.264,0.019,0.423,0.615,0.5,0.462,0.143,0,0.727,,0.075,3,0,,0,0,,ndongbo01
492,Ronnie Price,22,SAC,PG,29,0,150,0.362,17.3,0.534,0.276,0,0.017,0.241,0.466,0.484,0.688,,0,0.286,0.222,0.6,0.667,0.103,6,0.333,0.111,1,0,,pricero01
493,James Thomas,25,2TM,PF,22,0,150,0.526,0.9,1,0.895,0.105,0,0,0,0.526,0.529,0.5,,,,0.8,,0.053,1,,,0,0,,thomaja02
494,James Thomas,25,PHI,PF,15,0,124,0.538,0.5,1,0.923,0.077,0,0,0,0.538,0.5,1,,,,0.857,,0,0,,,0,0,,thomaja02
495,James Thomas,25,CHI,PF,7,0,26,0.5,1.2,1,0.833,0.167,0,0,0,0.5,0.6,0,,,,0.667,,0.167,1,,,0,0,,thomaja02
496,Luke Schenscher,23,CHI,C,20,0,149,0.615,5.1,1,0.385,0.5,0.038,0.077,0,0.615,0.7,0.615,0,0.5,,0.688,,0,0,,,0,0,,schenlu01
497,Lou Williams,19,PHI,PG,30,0,145,0.442,10.2,0.827,0.481,0.058,0.038,0.25,0.173,0.488,0.56,0.333,0,0.462,0.222,0.429,1,0.038,2,0.333,0,0,0,,willilo02
498,Chris Taft,20,GSW,C,17,0,144,0.605,3.4,1,0.632,0.263,0.105,0,0,0.605,0.667,0.4,0.75,,,0.609,,0.132,5,,,0,0,,taftch01
499,Eddie Basden,22,CHI,SF,19,0,141,0.405,8.6,0.811,0.541,0.108,0.027,0.135,0.189,0.467,0.6,0,0,0.4,0.143,0.714,1,0,0,0.429,0.333,0,0,,basdeed01
500,Devin Green,23,LAL,SG,27,0,135,0.214,9.8,0.929,0.321,0.179,0.25,0.179,0.071,0.231,0.444,0,0.143,0.2,0,0.833,,0.036,1,0.5,0,0,0,,greende01
501,Arvydas Macijauskas,26,NOK,SG,19,0,135,0.341,16.2,0.707,0.171,0.073,0.122,0.341,0.293,0.379,0.857,0.333,0.2,0.214,0.25,0.273,0.667,0,0,0.167,0.5,0,0,,macijar01
502,Bracey Wright,21,MIN,SG,7,0,135,0.412,17.1,0.667,0.118,0.118,0.137,0.294,0.333,0.441,0.667,0.333,0.571,0.333,0.353,0.6,1,0,0,0.176,0.333,0,0,,wrighbr02
503,Dorell Wright,20,MIA,SF,20,2,132,0.465,14.6,0.86,0.186,0.116,0.093,0.465,0.14,0.459,0.75,0.4,0,0.45,0.5,0.588,1,0.047,2,0.167,1,0,0,,wrighdo01
504,Billy Thomas,30,WAS,SG,17,0,131,0.325,23.7,0.25,0.025,0,0.025,0.2,0.75,0.3,1,,0,0.25,0.333,0.667,1,0,0,0.4,0.5,1,0,,thomabi01
505,Yaroslav Korolev,18,LAC,SF,24,0,127,0.3,14,0.767,0.233,0.133,0.133,0.267,0.233,0.304,0.286,0.5,0.25,0.25,0.286,0.571,1,0.033,1,0.143,0,0,0,,korolya01
506,Donta Smith,22,ATL,SG,23,0,127,0.556,7.7,0.852,0.593,0.037,0.111,0.111,0.148,0.565,0.75,0,0.333,0,0.5,0.769,1,0.185,5,0.5,0.5,0,0,,smithdo04
507,John Thomas,30,3TM,C,16,0,127,0.4,3.2,1,0.733,0.067,0.2,0,0,0.4,0.455,1,0,,,0.667,,0,0,,,0,0,,thomajo02
508,John Thomas,30,MEM,C,3,0,25,1,2.3,1,1,0,0,0,0,1,1,,,,,1,,0,0,,,0,0,,thomajo02
509,John Thomas,30,ATL,C,11,0,66,0.429,1.4,1,0.857,0.143,0,0,0,0.429,0.333,1,,,,0.667,,0,0,,,0,0,,thomajo02
510,John Thomas,30,NJN,C,2,0,36,0.167,5.9,1,0.5,0,0.5,0,0,0.167,0.333,,0,,,0,,0,0,,,0,0,,thomajo02
511,Eddie Gill,27,IND,PG,41,0,122,0.222,18.7,0.489,0.222,0.022,0.022,0.222,0.511,0.136,0.1,0,0,0.2,0.304,0,0.571,0,0,0.304,0.429,1,0,,gilled01
512,Aaron McKie,33,LAL,PG,14,0,121,0.25,18.5,0.833,0,0.083,0.083,0.667,0.167,0.3,,1,0,0.25,0,0.667,,0,0,0.5,0,0,0,,mckieaa01
513,Aaron Miles,22,GSW,PG,19,0,118,0.333,10.3,1,0.278,0.222,0.111,0.389,0,0.333,0.4,0,0.5,0.429,,0.333,,0,0,,,0,0,,milesaa01
514,Awvee Storey,28,WAS,SF,25,1,116,0.39,15.4,0.829,0.22,0,0.146,0.463,0.171,0.382,0.889,,0.333,0.158,0.429,0.846,1,0.049,2,0.143,0,0,0,,storeaw01
515,Ime Udoka,28,NYK,SF,8,0,114,0.375,13.8,0.875,0.292,0,0.125,0.458,0.125,0.381,0.571,,0.333,0.273,0.333,0.5,1,0,0,0.667,0.5,0,0,,udokaim01
516,Melvin Sanders,25,SAS,SG,16,0,113,0.485,12,0.909,0.242,0.182,0.152,0.333,0.091,0.467,0.375,0.5,1,0.273,0.667,0.929,1,0.03,1,0.333,1,0,0,,sandeme01
517,Anthony Grundy,26,ATL,SG,12,0,108,0.5,12.5,0.605,0.395,0.079,0.079,0.053,0.395,0.609,0.8,0.667,0,0,0.333,0.357,0.8,0.026,1,0.267,0.25,0,0,,grundan01
518,John Lucas III,23,HOU,PG,13,0,107,0.389,14.7,0.75,0.167,0.222,0.083,0.278,0.25,0.444,0.667,0.5,0.333,0.3,0.222,0.25,1,0,0,0.222,0.5,0,0,,lucasjo02
519,Nikoloz Tskitishvili,22,2TM,PF,17,0,99,0.351,13.9,0.919,0.324,0.108,0.108,0.378,0.081,0.353,0.333,0.5,0.25,0.357,0.333,0.75,1,0.027,1,0.333,1,0,0,,tskitni01
520,Nikoloz Tskitishvili,22,MIN,PF,5,0,13,0.25,16.5,1,0,0,0.75,0.25,0,0.25,,,0.333,0,,0,,0,0,,,0,0,,tskitni01
521,Nikoloz Tskitishvili,22,PHO,SF,12,0,86,0.364,11.3,0.909,0.364,0.121,0.03,0.394,0.091,0.367,0.333,0.5,0,0.385,0.333,0.818,1,0.03,1,0.333,1,0,0,,tskitni01
522,Anthony Roberson,22,MEM,PG,16,0,88,0.452,16.2,0.677,0.226,0,0.097,0.355,0.323,0.429,0.286,,0,0.636,0.5,0.556,1,0,0,0.2,1,0,0,,roberan02
523,Dwayne Jones,22,BOS,PF,14,0,87,0.4,2.3,1,0.7,0.3,0,0,0,0.4,0.571,0,,,,0.5,,0.3,3,,,0,0,,jonesdw02
524,Vin Baker,34,LAC,C,8,1,85,0.467,4.8,1,0.467,0.4,0.067,0.067,0,0.467,0.429,0.5,1,0,,0.429,,0.067,1,,,0,0,,bakervi01
525,Noel Felix,24,SEA,SF,12,0,82,0.24,13.1,0.88,0.24,0.12,0.2,0.32,0.12,0.227,0.5,0,0.2,0.125,0.333,0.6,1,0.12,2,0.333,1,0,0,,felixno01
526,Ervin Johnson,38,MIL,C,18,0,81,0.412,4.5,1,0.471,0.294,0.176,0.059,0,0.412,0.5,0.2,0.333,1,,0.857,,0,0,,,0,0,,johnser02
527,Von Wafer,20,LAL,SG,16,0,73,0.158,18.5,0.553,0.184,0.079,0.026,0.263,0.447,0.19,0.143,0,0,0.3,0.118,0.25,0.5,0.026,1,0.059,1,0,0,,wafervo01
528,Anfernee Hardaway,34,NYK,SF,4,0,72,0.286,15.1,0.929,0.143,0,0.214,0.571,0.071,0.308,0.5,,0.333,0.25,0,0.5,,0,0,1,0,0,0,,hardaan01
529,Reece Gaines,25,MIL,PG,12,0,54,0.5,17.3,0.833,0.167,0.083,0.083,0.5,0.167,0.6,1,0,1,0.5,0,0.833,,0,0,0,,0,0,,gainere01
530,Amar'e Stoudemire,23,PHO,C,3,3,50,0.333,7.7,0.963,0.37,0.296,0.111,0.185,0.037,0.346,0.6,0.125,0,0.4,0,0.333,,0.037,1,1,0,0,0,,stoudam01
531,Zendon Hamilton,30,2TM,C,12,0,49,0.5,2.6,1,0.714,0.286,0,0,0,0.5,0.5,0.5,,,,0.714,,0.071,1,,,0,0,,hamilze01
532,Zendon Hamilton,30,CLE,C,11,0,46,0.538,2.4,1,0.692,0.308,0,0,0,0.538,0.556,0.5,,,,0.714,,0.077,1,,,0,0,,hamilze01
533,Zendon Hamilton,30,PHI,C,1,0,3,0,2.8,1,1,0,0,0,0,0,0,,,,,,,0,0,,,0,0,,hamilze01
534,Earl Barron,24,MIA,C,8,0,45,0.313,9.7,1,0.188,0.25,0.375,0.188,0,0.313,0,0.5,0.333,0.333,,0.8,,0,0,,,0,0,,barroea01
535,Dijon Thompson,22,PHO,SG,10,0,43,0.44,15,0.56,0.28,0.04,0.04,0.2,0.44,0.5,0.571,0,0,0.6,0.364,0.429,0.75,0.04,1,0.273,0.333,0,0,,thompdi01
536,Jamal Sampson,22,SAC,PF,12,0,39,0.714,4.6,1,0.429,0.571,0,0,0,0.714,1,0.5,,,,0.2,,0.143,1,,,0,0,,sampsja01
537,Marcus Fizer,27,NOK,PF,3,0,39,0.529,14.2,0.941,0.059,0.294,0.118,0.471,0.059,0.5,1,0.6,0.5,0.375,1,0.375,1,0,0,1,1,0,0,,fizerma01
538,Amir Johnson,18,DET,SF,3,0,39,0.7,8.2,0.7,0.6,0,0.1,0,0.3,0.714,0.833,,0,,0.667,0.6,1,0.2,2,1,0.667,0,0,,johnsam01
539,Alex Acker,23,DET,SG,5,0,35,0.25,16.1,0.688,0.188,0,0.313,0.188,0.313,0.273,0,,0.4,0.333,0.2,0.333,0,0,0,0.2,0,0,0,,ackeral01
540,Julius Hodge,22,DEN,SG,14,0,33,0.385,2.9,1,0.769,0.077,0.077,0.077,0,0.385,0.4,0,0,1,,0.4,,0,0,,,0,0,,hodgeju01
541,Derrick Zimmerman,24,NJN,PG,2,0,32,0.667,2.4,1,0.667,0.333,0,0,0,0.667,0.5,1,,,,1,,0,0,,,0,0,,zimmede01
542,Maciej Lampe,20,2TM,C,6,0,28,0.182,9.3,1,0.273,0.364,0.091,0.273,0,0.182,0.667,0,0,0,,1,,0,0,,,0,0,,lampema01
543,Maciej Lampe,20,NOK,C,2,0,16,0,11.8,1,0.25,0,0.25,0.5,0,0,0,,0,0,,,,0,0,,,0,0,,lampema01
544,Maciej Lampe,20,HOU,C,4,0,12,0.286,6.7,1,0.286,0.571,0,0.143,0,0.286,1,0,,0,,1,,0,0,,,0,0,,lampema01
545,Samaki Walker,29,IND,PF,7,0,22,0,10.6,1,0,0.5,0.5,0,0,0,,0,0,,,,,0,0,,,0,0,,walkesa01
546,Randy Livingston,30,CHI,PG,5,0,22,0,2.1,1,0.5,0.5,0,0,0,0,0,0,,,,,,0,0,,,0,0,,livinra01
547,Anthony Goldwire,34,LAC,PG,3,0,22,0.143,21.2,0.714,0.286,0,0.143,0.286,0.286,0.2,0,,0,0.5,0,0,,0,0,0,,1,0,,goldwan01
548,Jonathan Bender,25,IND,SF,2,0,21,0.8,2.6,1,0.6,0.4,0,0,0,0.8,1,0.5,,,,0.75,,0.6,3,,,0,0,,bendejo01
549,Pavel Podkolzin,21,DAL,C,1,0,18,0,13.6,1,0,0,1,0,0,0,,,0,,,,,0,0,,,0,0,,podkopa01
550,Josh Davis,25,3TM,PF,6,0,17,0.286,13.2,0.714,0.286,0.143,0.143,0.143,0.286,0.4,0.5,1,0,0,0,0.5,,0.143,1,0,,0,0,,davisjo02
551,Josh Davis,25,MIL,PF,4,0,12,0.25,10,0.75,0.5,0,0.25,0,0.25,0.333,0.5,,0,,0,1,,0.25,1,0,,0,0,,davisjo02
552,Josh Davis,25,HOU,PF,1,0,0,,,,,,,,,,,,,,,,,,0,,,0,0,,davisjo02
553,Josh Davis,25,PHO,PF,1,0,5,0.333,16.4,0.667,0,0.333,0,0.333,0.333,0.5,,1,,0,0,0,,0,0,0,,0,0,,davisjo02
554,Sharrod Ford,24,PHO,PF,3,0,13,0.667,5.4,1,0.667,0,0,0.333,0,0.667,0.5,,,1,,0.5,,0,0,,,0,0,,fordsh02
555,Randy Holcomb,26,CHI,SF,4,0,11,1,18.6,1,0,0,0,1,0,1,,,,1,,1,,0,0,,,0,0,,holcora01
556,Alvin Williams,31,TOR,PG,1,0,10,0,23.2,0.333,0,0,0,0.333,0.667,0,,,,0,0,,,0,0,0.5,0,0,0,,willial02
557,Martynas Andriuškevičius,19,CLE,C,6,0,9,0,6.9,1,0,1,0,0,0,0,,0,,,,,,0,0,,,0,0,,andrima01
558,Stanislav Medvedenko,26,LAL,PF,2,0,6,0.5,2.9,1,0.5,0.5,0,0,0,0.5,1,0,,,,1,,0,0,,,0,0,,medvest01
559,Deng Gai,23,PHI,C,2,0,5,,,,,,,,,,,,,,,,,,0,,,0,0,,gaide01
560,Matt Walsh,23,MIA,SG,2,0,3,1,4.3,1,0,1,0,0,0,1,,1,,,,0,,0,0,,,0,0,,walshma01
561,Nenê,23,DEN,PF,1,0,3,0,3.8,1,0,1,0,0,0,0,,0,,,,,,0,0,,,0,0,,hilarne01
562,Bryon Russell,35,DEN,SF,1,0,3,,,,,,,,,,,,,,,,,,0,,,0,0,,russebr01
563,Alex Scales,27,SAS,SG,1,0,0,,,,,,,,,,,,,,,,,,0,,,0,0,,scaleal01